[
{
  "model": "auth.group",
  "pk": 1,
  "fields": {
    "name": "Readers",
    "permissions": []
  }
},
{
  "model": "auth.group",
  "pk": 2,
  "fields": {
    "name": "Librarians",
    "permissions": []
  }
},
{
  "model": "auth.user",
  "pk": 2,
  "fields": {
    "password": "pbkdf2_sha256$150000$DK10hbP4KUMZ$HI6rEp+67DZ2rG0PEUWoIjA3t6VgMmOmw67nrtkrToM=",
    "last_login": "2019-05-12T18:37:00Z",
    "is_superuser": false,
    "username": "albertu",
    "first_name": "\u0410\u043b\u044c\u0431\u0435\u0440\u0442",
    "last_name": "\u0423\u0442\u043a\u0438\u043d",
    "email": "autkin@internet.ru",
    "is_staff": false,
    "is_active": true,
    "date_joined": "2019-05-12T14:07:45Z",
    "groups": [
      1
    ],
    "user_permissions": []
  }
},
{
  "model": "auth.user",
  "pk": 3,
  "fields": {
    "password": "pbkdf2_sha256$150000$34FOeWbpj2pq$RC8MgICt/bqSstO0xNh4rFOrRm5dykKumLZWGF4i+Rs=",
    "last_login": "2019-05-17T16:55:48.285Z",
    "is_superuser": false,
    "username": "efrems",
    "first_name": "\u0415\u0444\u0440\u0435\u043c",
    "last_name": "\u0421\u043e\u043a\u043e\u043b\u043e\u0432",
    "email": "esokol@internet.com",
    "is_staff": true,
    "is_active": true,
    "date_joined": "2019-05-12T14:15:22Z",
    "groups": [
      2
    ],
    "user_permissions": [
      47,
      37,
      42
    ]
  }
},
{
  "model": "auth.user",
  "pk": 4,
  "fields": {
    "password": "pbkdf2_sha256$150000$2xKcowJlizoZ$cu089zuTIfT9ytosbKpGXuV7Jm8vgQg3B4zuw6fON+A=",
    "last_login": "2019-05-17T16:52:32.015Z",
    "is_superuser": true,
    "username": "siteadmin",
    "first_name": "\u0410\u0440\u044c\u0435",
    "last_name": "\u0414\u044e\u043a",
    "email": "aredyuk@inet.com",
    "is_staff": true,
    "is_active": true,
    "date_joined": "2019-05-16T16:04:28Z",
    "groups": [],
    "user_permissions": []
  }
},
{
  "model": "sessions.session",
  "pk": "4n5gsp15y560wqxst2flmqb5657c7h27",
  "fields": {
    "session_data": "MmZjMDI5ZjZjZmQ3MWUwNDllOTc2MTE4MzdmZjlmN2Y3MDNlOWFhZjp7Im51bV92aXNpdHMiOjEsImxhc3RfdmlzaXRfdGltZSI6MTU1NzgzMzQ2Ni41NzUxNjcyfQ==",
    "expire_date": "2019-05-28T11:31:06.589Z"
  }
},
{
  "model": "sessions.session",
  "pk": "cujjz4wlmd597bj9cfbexlkuw247tl7f",
  "fields": {
    "session_data": "ZWFlZWNjNjYwZTE5ZDAxYmQ1ZWU5NmIzZDY5Nzg3YzU0ZDc3ZjIwMTp7Im51bV92aXNpdHMiOjksIl9hdXRoX3VzZXJfaWQiOiI0IiwiX2F1dGhfdXNlcl9iYWNrZW5kIjoiZGphbmdvLmNvbnRyaWIuYXV0aC5iYWNrZW5kcy5Nb2RlbEJhY2tlbmQiLCJfYXV0aF91c2VyX2hhc2giOiI4MmYzN2RhODYyZDlhN2ExM2E4MGVmNzA3YTVkZDJjOTk4MDg4NzFmIn0=",
    "expire_date": "2019-05-31T14:10:11.233Z"
  }
},
{
  "model": "sessions.session",
  "pk": "h4ax086n2nzz7zsdg7o1g3pf7p3szmnq",
  "fields": {
    "session_data": "OThhZmYzZDk1NTVmOWQxODhjNGYxMmNmYmNjZWY2MTllM2M5NWVkMDp7Im51bV92aXNpdHMiOjMsIl9hdXRoX3VzZXJfaWQiOiIzIiwiX2F1dGhfdXNlcl9iYWNrZW5kIjoiZGphbmdvLmNvbnRyaWIuYXV0aC5iYWNrZW5kcy5Nb2RlbEJhY2tlbmQiLCJfYXV0aF91c2VyX2hhc2giOiJjZDM1MzRjM2M0MjQ2N2FkNDM2YjUyOTZhZTRhZGU4NTllNmNjNWFkIn0=",
    "expire_date": "2019-05-31T16:55:48.315Z"
  }
},
{
  "model": "sessions.session",
  "pk": "onqtawaaat5ipyfrdq27cujraof2blr6",
  "fields": {
    "session_data": "MzVkNzY4ODBmNDUyNTUxZmZmMzQ2MDhmYTJmN2E2ZjMxNGQ0MDhiZTp7Im51bV92aXNpdHMiOjEsImxhc3RfdmlzaXRfdGltZSI6MTU1NzgzMjgzNS4yNjk1NDQ2fQ==",
    "expire_date": "2019-05-28T11:20:35.272Z"
  }
},
{
  "model": "sessions.session",
  "pk": "xnbqklo7dxm48kolkdgx0kvlgc244mqi",
  "fields": {
    "session_data": "MGU4NjY1ZGRkZDc5MmEwODViYjlmMjVjZTkwYjI0NDUwZDAzMWQ4OTp7Im51bV92aXNpdHMiOjIsImxhc3RfdmlzaXRfdGltZSI6MTU1NzczMTk2NC45NTE5NTIsIl9hdXRoX3VzZXJfaWQiOiIxIiwiX2F1dGhfdXNlcl9iYWNrZW5kIjoiZGphbmdvLmNvbnRyaWIuYXV0aC5iYWNrZW5kcy5Nb2RlbEJhY2tlbmQiLCJfYXV0aF91c2VyX2hhc2giOiI1MGI2MjA3NTg5ZWMyM2I4ZDYzY2E4ZjBhOGM3ZmJiNzBiNDc1ODRkIn0=",
    "expire_date": "2019-05-27T07:19:24.956Z"
  }
},
{
  "model": "catalog.genre",
  "pk": 1,
  "fields": {
    "name": "\u0418\u043d\u0444\u043e\u0440\u043c\u0430\u0446\u0438\u043e\u043d\u043d\u044b\u0435 \u0442\u0435\u0445\u043d\u043e\u043b\u043e\u0433\u0438\u0438"
  }
},
{
  "model": "catalog.genre",
  "pk": 2,
  "fields": {
    "name": "\u0411\u0438\u0437\u043d\u0435\u0441"
  }
},
{
  "model": "catalog.genre",
  "pk": 3,
  "fields": {
    "name": "\u0424\u044d\u043d\u0442\u0435\u0437\u0438"
  }
},
{
  "model": "catalog.genre",
  "pk": 4,
  "fields": {
    "name": "\u0421\u043e\u0432\u0440\u0435\u043c\u0435\u043d\u043d\u0430\u044f \u043b\u0438\u0442\u0435\u0440\u0430\u0442\u0443\u0440\u0430"
  }
},
{
  "model": "catalog.genre",
  "pk": 5,
  "fields": {
    "name": "\u0424\u0430\u043d\u0442\u0430\u0441\u0442\u0438\u043a\u0430"
  }
},
{
  "model": "catalog.genre",
  "pk": 6,
  "fields": {
    "name": "\u0414\u0435\u0442\u0435\u043a\u0442\u0438\u0432"
  }
},
{
  "model": "catalog.genre",
  "pk": 7,
  "fields": {
    "name": "\u041f\u043e\u044d\u0437\u0438\u044f"
  }
},
{
  "model": "catalog.genre",
  "pk": 8,
  "fields": {
    "name": "\u041e\u0431\u0443\u0447\u0435\u043d\u0438\u0435"
  }
},
{
  "model": "catalog.genre",
  "pk": 9,
  "fields": {
    "name": "\u0414\u043e\u043a\u0443\u043c\u0435\u043d\u0442\u0430\u043b\u0438\u0441\u0442\u0438\u043a\u0430"
  }
},
{
  "model": "catalog.genre",
  "pk": 10,
  "fields": {
    "name": "\u0424\u043e\u043d\u0434\u043e\u0432\u044b\u0439 \u0440\u044b\u043d\u043e\u043a"
  }
},
{
  "model": "catalog.genre",
  "pk": 11,
  "fields": {
    "name": "\u0421\u043f\u0440\u0430\u0432\u043e\u0447\u043d\u0438\u043a"
  }
},
{
  "model": "catalog.genre",
  "pk": 12,
  "fields": {
    "name": "\u0425\u043e\u0431\u0431\u0438"
  }
},
{
  "model": "catalog.genre",
  "pk": 13,
  "fields": {
    "name": "\u0422\u0435\u0445\u043d\u0438\u0447\u0435\u0441\u043a\u0430\u044f \u043b\u0438\u0442\u0435\u0440\u0430\u0442\u0443\u0440\u0430"
  }
},
{
  "model": "catalog.language",
  "pk": 1,
  "fields": {
    "name": "\u0420\u0443\u0441\u0441\u043a\u0438\u0439"
  }
},
{
  "model": "catalog.language",
  "pk": 2,
  "fields": {
    "name": "English"
  }
},
{
  "model": "catalog.language",
  "pk": 3,
  "fields": {
    "name": "Deutsch"
  }
},
{
  "model": "catalog.language",
  "pk": 4,
  "fields": {
    "name": "Le fran\u00e7ais"
  }
},
{
  "model": "catalog.language",
  "pk": 5,
  "fields": {
    "name": "Espa\u00f1ol"
  }
},
{
  "model": "catalog.language",
  "pk": 6,
  "fields": {
    "name": "Norsk"
  }
},
{
  "model": "catalog.language",
  "pk": 7,
  "fields": {
    "name": "\u010cesky"
  }
},
{
  "model": "catalog.language",
  "pk": 8,
  "fields": {
    "name": "\u4e2d\u570b"
  }
},
{
  "model": "catalog.language",
  "pk": 9,
  "fields": {
    "name": "Svenska"
  }
},
{
  "model": "catalog.language",
  "pk": 10,
  "fields": {
    "name": "Nederlands"
  }
},
{
  "model": "catalog.book",
  "pk": 1,
  "fields": {
    "title": "Red Hat Linux. \u0421\u0435\u043a\u0440\u0435\u0442\u044b \u043f\u0440\u043e\u0444\u0435\u0441\u0441\u0438\u043e\u043d\u0430\u043b\u0430",
    "author": 1,
    "summary": "\u042d\u0442\u0430 \u043a\u043d\u0438\u0433\u0430 \u044f\u0432\u043b\u044f\u0435\u0442\u0441\u044f \u043d\u0430\u0441\u0442\u043e\u044f\u0449\u0438\u043c \u043f\u0443\u0442\u0435\u0432\u043e\u0434\u0438\u0442\u0435\u043b\u0435\u043c \u043f\u043e \u0443\u0441\u0442\u0430\u043d\u043e\u0432\u043a\u0435, \u043d\u0430\u0441\u0442\u0440\u043e\u0439\u043a\u0435 \u0438 \u0438\u0441\u043f\u043e\u043b\u044c\u0437\u043e\u0432\u0430\u043d\u0438\u044e \u043e\u0434\u043d\u043e\u0439 \u0438\u0437 \u043d\u0430\u0438\u0431\u043e\u043b\u0435\u0435 \u043f\u043e\u043f\u0443\u043b\u044f\u0440\u043d\u044b\u0445 \u043e\u043f\u0435\u0440\u0430\u0446\u0438\u043e\u043d\u043d\u044b\u0445 \u0441\u0438\u0441\u0442\u0435\u043c Red Hat Linux. \u0411\u043e\u043b\u044c\u0448\u043e\u0435 \u0432\u043d\u0438\u043c\u0430\u043d\u0438\u0435 \u0443\u0434\u0435\u043b\u044f\u0435\u0442\u0441\u044f \u043f\u0435\u0440\u0435\u0445\u043e\u0434\u0443 \u043a Red Hat Linux \u043e\u0442 Microsoft Windows 95/98/2000/XP.",
    "isbn": "5845906741",
    "language": 1,
    "genre": [
      1,
      8,
      11
    ]
  }
},
{
  "model": "catalog.book",
  "pk": 2,
  "fields": {
    "title": "X Window System Programming",
    "author": 1,
    "summary": "This book is a comprehensive tutorial as well as a reference guide for programming in X--the system known for its workstation versatility and advanced graphics-handling ability. The most up-to-date book of its kind, it covers the new X11R6 version and shows readers how to build interactive applications. The disk contains all the text examples, which work on a variety of systems.",
    "isbn": "9780672305429",
    "language": 2,
    "genre": [
      1,
      8,
      11
    ]
  }
},
{
  "model": "catalog.book",
  "pk": 3,
  "fields": {
    "title": "\u041d\u043e\u0447\u043d\u043e\u0439 \u0433\u043e\u043b\u044c\u0444 \u043d\u0430 \u0411\u0430\u0440\u0431\u0430\u0434\u043e\u0441\u0435. \u041f\u043b\u0430\u043d\u0438\u0440\u043e\u0432\u0430\u043d\u0438\u0435 \u0438 \u043e\u0440\u0433\u0430\u043d\u0438\u0437\u0430\u0446\u0438\u044f \u0441\u043f\u0435\u0446\u0438\u0430\u043b\u044c\u043d\u044b\u0445 \u0431\u0438\u0437\u043d\u0435\u0441-\u043c\u0435\u0440\u043e\u043f\u0440\u0438\u044f\u0442\u0438\u0439",
    "author": 2,
    "summary": "\u0414\u0430\u043d\u043d\u0430\u044f \u043a\u043d\u0438\u0433\u0430 \u043e\u043f\u0438\u0441\u044b\u0432\u0430\u0435\u0442 \u0432\u0441\u0435 \u0442\u0435 \u0437\u0430\u043a\u0443\u043b\u0438\u0441\u043d\u044b\u0435 \u0432\u043e\u043f\u0440\u043e\u0441\u044b, \u043a\u043e\u0442\u043e\u0440\u044b\u0435 \u0434\u043e\u043b\u0436\u0435\u043d \u0443\u0447\u0435\u0441\u0442\u044c \u043a\u0430\u0436\u0434\u044b\u0439 \u043e\u0440\u0433\u0430\u043d\u0438\u0437\u0430\u0442\u043e\u0440, \u043f\u0440\u0435\u0436\u0434\u0435 \u0447\u0435\u043c \u0434\u0435\u0439\u0441\u0442\u0432\u0438\u0442\u0435\u043b\u044c\u043d\u043e \u043d\u0430\u0447\u0430\u0442\u044c \u043f\u043b\u0430\u043d\u0438\u0440\u043e\u0432\u0430\u043d\u0438\u0435 \u0441\u043e\u0431\u044b\u0442\u0438\u044f. \u041e\u043d\u0430 \u043f\u043e\u043c\u043e\u0436\u0435\u0442 \u0412\u0430\u043c \u0441\u043e\u0437\u0434\u0430\u0442\u044c \u0441\u043e\u0431\u0441\u0442\u0432\u0435\u043d\u043d\u044b\u0439 \u0443\u0441\u043f\u0435\u0448\u043d\u044b\u0439 \u0431\u0438\u0437\u043d\u0435\u0441 \u043f\u043e \u043e\u0440\u0433\u0430\u043d\u0438\u0437\u0430\u0446\u0438\u0438 \u0441\u043f\u0435\u0446\u0438\u0430\u043b\u044c\u043d\u044b\u0445 \u0441\u043e\u0431\u044b\u0442\u0438\u0439, \u0430 \u0442\u0430\u043a\u0436\u0435 \u0441\u043f\u043b\u0430\u043d\u0438\u0440\u043e\u0432\u0430\u0442\u044c \u0441\u0432\u043e\u0438 \u0432\u043d\u0443\u0442\u0440\u0435\u043d\u043d\u0438\u0435 \u0441\u043f\u0435\u0446\u0438\u0430\u043b\u044c\u043d\u044b\u0435 \u0441\u043e\u0431\u044b\u0442\u0438\u044f. \u041f\u0440\u0435\u0436\u0434\u0435 \u0447\u0435\u043c \u043d\u0430\u0437\u043d\u0430\u0447\u0438\u0442\u044c \u0432\u0440\u0435\u043c\u044f \u0438 \u043c\u0435\u0441\u0442\u043e \u043f\u0440\u043e\u0432\u0435\u0434\u0435\u043d\u0438\u044f \u043c\u0435\u0440\u043e\u043f\u0440\u0438\u044f\u0442\u0438\u044f, \u0432\u044b\u0431\u0440\u0430\u0442\u044c \u043c\u0435\u043d\u044e \u0438 \u043e\u0444\u043e\u0440\u043c\u043b\u0435\u043d\u0438\u0435 \u0437\u0430\u043b\u0430, \u0432\u044b \u0434\u043e\u043b\u0436\u043d\u044b \u043e\u043f\u0440\u0435\u0434\u0435\u043b\u0438\u0442\u044c \u0441\u0442\u0440\u0430\u0442\u0435\u0433\u0438\u0447\u0435\u0441\u043a\u0438\u0435 \u0446\u0435\u043b\u0438, \u043d\u0430\u043f\u0438\u0441\u0430\u0442\u044c \u043f\u0440\u0435\u0434\u043b\u043e\u0436\u0435\u043d\u0438\u044f, \u043e\u0431\u0441\u0443\u0434\u0438\u0442\u044c \u0433\u043e\u043d\u043e\u0440\u0430\u0440\u044b, \u043f\u043e\u0434\u043f\u0438\u0441\u0430\u0442\u044c \u0434\u043e\u0433\u043e\u0432\u043e\u0440\u0430 \u0438 \u0443\u0447\u0435\u0441\u0442\u044c \u0432\u043e\u043f\u0440\u043e\u0441\u044b \u0431\u0435\u0437\u043e\u043f\u0430\u0441\u043d\u043e\u0441\u0442\u0438. \u042d\u0442\u0430 \u043a\u043d\u0438\u0433\u0430 \u0440\u0430\u0441\u043a\u0440\u043e\u0435\u0442 \u0432\u0441\u0435 \u0437\u0430\u043a\u0443\u043b\u0438\u0441\u043d\u044b\u0435 \u0441\u0435\u043a\u0440\u0435\u0442\u044b \u043e\u0440\u0433\u0430\u043d\u0438\u0437\u0430\u0446\u0438\u0438 \u0441\u043f\u0435\u0446\u0438\u0430\u043b\u044c\u043d\u044b\u0445 \u0441\u043e\u0431\u044b\u0442\u0438\u0439, \u043e\u0431\u044a\u044f\u0441\u043d\u0438\u0442 \u043a\u0430\u0436\u0434\u044b\u0439 \u043d\u044e\u0430\u043d\u0441 \u044d\u0442\u043e\u0433\u043e \u0431\u0438\u0437\u043d\u0435\u0441\u0430 \u0438 \u0441\u0442\u0440\u0430\u0442\u0435\u0433\u0438\u0438, \u043b\u0435\u0436\u0430\u0449\u0435\u0439 \u0432 \u043e\u0441\u043d\u043e\u0432\u0435 \u0443\u0441\u043f\u0435\u0448\u043d\u044b\u0445 \u0441\u043f\u0435\u0446\u0438\u0430\u043b\u044c\u043d\u044b\u0445 \u0441\u043e\u0431\u044b\u0442\u0438\u0439. \u042d\u0442\u0430 \u043a\u043d\u0438\u0433\u0430 \u0431\u0443\u0434\u0435\u0442 \u043f\u043e\u043b\u0435\u0437\u043d\u0430 \u043a\u0430\u043a \u043f\u0440\u043e\u0444\u0435\u0441\u0441\u0438\u043e\u043d\u0430\u043b\u044c\u043d\u044b\u043c \u043e\u0440\u0433\u0430\u043d\u0438\u0437\u0430\u0442\u043e\u0440\u0430\u043c \u0441\u043f\u0435\u0446\u0438\u0430\u043b\u044c\u043d\u044b\u0445 \u0441\u043e\u0431\u044b\u0442\u0438\u0439, \u0442\u0430\u043a \u0438 \u043a\u043b\u0438\u0435\u043d\u0442\u0430\u043c, \u043d\u0430\u043d\u0438\u043c\u0430\u044e\u0449\u0438\u043c \u0438 \u0441\u043e\u0442\u0440\u0443\u0434\u043d\u0438\u0447\u0430\u044e\u0449\u0438\u043c \u0441 \u043d\u0438\u043c\u0438.",
    "isbn": "966-8644-69-7",
    "language": 1,
    "genre": [
      2,
      4
    ]
  }
},
{
  "model": "catalog.book",
  "pk": 4,
  "fields": {
    "title": "\u0424\u044d\u043d\u0442\u0435\u0437\u0438. \u042d\u043d\u0446\u0438\u043a\u043b\u043e\u043f\u0435\u0434\u0438\u044f",
    "author": 2,
    "summary": "\u042d\u0442\u0430 \u0443\u0434\u0438\u0432\u0438\u0442\u0435\u043b\u044c\u043d\u0430\u044f \u043a\u043d\u0438\u0433\u0430 - \u043f\u043e\u0434\u0440\u043e\u0431\u043d\u044b\u0439 \u043f\u0443\u0442\u0435\u0432\u043e\u0434\u0438\u0442\u0435\u043b\u044c \u043f\u043e \u043c\u0438\u0440\u0443 \u0444\u0430\u043d\u0442\u0430\u0437\u0438\u0438 \u0438 \u043e\u0434\u043d\u043e\u0432\u0440\u0435\u043c\u0435\u043d\u043d\u043e \u0433\u0430\u043b\u0435\u0440\u0435\u044f \u0441\u0443\u0449\u0435\u0441\u0442\u0432, \u043d\u0430\u0441\u0435\u043b\u044f\u044e\u0449\u0438\u0445 \u0435\u0433\u043e. \u0420\u043e\u0441\u043a\u043e\u0448\u043d\u044b\u0435 \u0438\u043b\u043b\u044e\u0441\u0442\u0440\u0430\u0446\u0438\u0438 \u0438 \u043a\u0440\u0430\u0441\u043e\u0447\u043d\u044b\u0435, \u0437\u0430\u0445\u0432\u0430\u0442\u044b\u0432\u0430\u044e\u0449\u0438\u0435 \u043e\u043f\u0438\u0441\u0430\u043d\u0438\u044f, \u0438\u043d\u0442\u0435\u0440\u0435\u0441\u043d\u044b\u0435 \u043a\u0430\u043a \u0434\u0435\u0442\u044f\u043c, \u0442\u0430\u043a \u0438 \u0432\u0437\u0440\u043e\u0441\u043b\u044b\u043c, \u0443\u0432\u043b\u0435\u043a\u0443\u0442 \u0447\u0438\u0442\u0430\u0442\u0435\u043b\u0435\u0439 \u0432 \u0437\u0430\u0447\u0430\u0440\u043e\u0432\u0430\u043d\u043d\u0443\u044e \u0441\u0442\u0440\u0430\u043d\u0443 \u044d\u043b\u044c\u0444\u043e\u0432, \u0447\u0443\u0434\u043e\u0432\u0438\u0449 \u0438 \u043f\u0440\u0438\u0437\u0440\u0430\u043a\u043e\u0432.",
    "isbn": "5-353-02190-8",
    "language": 1,
    "genre": [
      3,
      12
    ]
  }
},
{
  "model": "catalog.book",
  "pk": 5,
  "fields": {
    "title": "\u0417\u043b\u043e\u0439 \u043a\u043e\u0440\u043e\u043b\u044c",
    "author": 3,
    "summary": "\u0414\u043e\u043b\u0433\u043e\u0436\u0434\u0430\u043d\u043d\u043e\u0435 \u043f\u0440\u043e\u0434\u043e\u043b\u0436\u0435\u043d\u0438\u0435 \u043c\u0435\u0436\u0434\u0443\u043d\u0430\u0440\u043e\u0434\u043d\u043e\u0433\u043e \u0431\u0435\u0441\u0442\u0441\u0435\u043b\u043b\u0435\u0440\u0430 \u0438 \u0431\u0435\u0441\u0442\u0441\u0435\u043b\u043b\u0435\u0440\u0430 New York Times \"\u0416\u0435\u0441\u0442\u043e\u043a\u0438\u0439 \u043f\u0440\u0438\u043d\u0446\". \u041e\u0434\u043d\u0430 \u0438\u0437 \u0441\u0430\u043c\u044b\u0445 \u043e\u0436\u0438\u0434\u0430\u0435\u043c\u044b\u0445 \u043a\u043d\u0438\u0433 2019 \u0433\u043e\u0434\u0430! \u041d\u0435\u043f\u043e\u0432\u0442\u043e\u0440\u0438\u043c\u0430\u044f \u0438\u0441\u0442\u043e\u0440\u0438\u044f \u043e \u0441\u043c\u0435\u0440\u0442\u043d\u043e\u0439 \u0434\u0435\u0432\u0443\u0448\u043a\u0435, \u043a\u043e\u0442\u043e\u0440\u0430\u044f \u0431\u043b\u0430\u0433\u043e\u0434\u0430\u0440\u044f \u0441\u0432\u043e\u0435\u043c\u0443 \u0443\u043f\u043e\u0440\u0441\u0442\u0432\u0443, \u0445\u0438\u0442\u0440\u043e\u0441\u0442\u0438 \u0438 \u043a\u043e\u0432\u0430\u0440\u0441\u0442\u0432\u0443, \u043f\u043e\u0434\u043d\u044f\u043b\u0430\u0441\u044c \u043d\u0430 \u0442\u0440\u043e\u043d \u043c\u0438\u0440\u0430 \u0444\u0435\u0439\u0440\u0438! \u0414\u0436\u0443\u0434 \u0441\u0432\u044f\u0437\u0430\u043b\u0430 \u041a\u0430\u0440\u0434\u0430\u043d\u0430 \u043e\u0431\u0435\u0449\u0430\u043d\u0438\u0435\u043c \u043f\u043e\u0434\u0447\u0438\u043d\u044f\u0442\u044c\u0441\u044f \u0435\u0439, \u043e\u0431\u0435\u0449\u0430\u043d\u0438\u0435\u043c, \u043a\u043e\u0442\u043e\u0440\u043e\u0435 \u043f\u0440\u043e\u0434\u043b\u0438\u0442\u0441\u044f \u0440\u043e\u0432\u043d\u043e \u0433\u043e\u0434 \u0438 \u043e\u0434\u0438\u043d \u0434\u0435\u043d\u044c. \u0422\u0435\u043f\u0435\u0440\u044c \u043e\u043d\u0430 \u0433\u043b\u0430\u0432\u043d\u0430\u044f \u0444\u0438\u0433\u0443\u0440\u0430 \u0437\u0430 \u0442\u0440\u043e\u043d\u043e\u043c, \u043a\u043e\u0442\u043e\u0440\u0430\u044f \u0434\u0435\u0440\u0433\u0430\u0435\u0442 \u0437\u0430 \u043d\u0438\u0442\u043e\u0447\u043a\u0438 \u0438 \u0443\u043c\u0435\u043b\u043e \u043c\u0430\u043d\u0438\u043f\u0443\u043b\u0438\u0440\u0443\u0435\u0442 \u043a\u043e\u0440\u043e\u043b\u0435\u043c. \u041d\u043e \u0414\u0436\u0443\u0434 \u0432\u0432\u044f\u0437\u0430\u043b\u0430\u0441\u044c \u0432 \u043e\u043f\u0430\u0441\u043d\u0443\u044e \u0438\u0433\u0440\u0443 \u0444\u0435\u0439\u0440\u0438, \u043d\u0435 \u0438\u043c\u0435\u044f \u043d\u0438 \u0434\u0440\u0443\u0437\u0435\u0439, \u043d\u0438 \u0441\u043e\u044e\u0437\u043d\u0438\u043a\u043e\u0432. \u041f\u043e\u0434\u0441\u0442\u0435\u0433\u0438\u0432\u0430\u0435\u043c\u0430\u044f \u0430\u043c\u0431\u0438\u0446\u0438\u044f\u043c\u0438 \u0438 \u0446\u0435\u043b\u044c\u044e \u0432\u044b\u0436\u0438\u0442\u044c \u0432\u043e \u0447\u0442\u043e \u0431\u044b \u0442\u043e \u043d\u0438 \u0441\u0442\u0430\u043b\u043e, \u043e\u043d\u0430 \u043f\u043b\u0435\u0442\u0435\u0442 \u0438\u043d\u0442\u0440\u0438\u0433\u0438 \u0438 \u043d\u0430\u043d\u043e\u0441\u0438\u0442 \u043c\u043e\u043b\u043d\u0438\u0435\u043d\u043e\u0441\u043d\u044b\u0435 \u0443\u0434\u0430\u0440\u044b. \u041e\u0434\u043d\u0430\u043a\u043e \u043a\u043e\u0433\u0434\u0430 \u0414\u0436\u0443\u0434 \u0432\u044b\u044f\u0441\u043d\u044f\u0435\u0442, \u0447\u0442\u043e \u0441\u0440\u0435\u0434\u0438 \u0442\u0435\u0445, \u043a\u043e\u043c\u0443 \u043e\u043d\u0430 \u0431\u0435\u0437\u043e\u0433\u043e\u0432\u043e\u0440\u043e\u0447\u043d\u043e \u0434\u043e\u0432\u0435\u0440\u044f\u043b\u0430, \u043f\u043e\u044f\u0432\u0438\u043b\u0441\u044f \u043f\u0440\u0435\u0434\u0430\u0442\u0435\u043b\u044c, \u0430 \u0435\u0435 \u0431\u043b\u0438\u0437\u043a\u0438\u043c \u0433\u0440\u043e\u0437\u0438\u0442 \u043e\u043f\u0430\u0441\u043d\u043e\u0441\u0442\u044c, \u0435\u0439 \u043f\u0440\u0438\u0445\u043e\u0434\u0438\u0442\u0441\u044f \u043f\u0440\u0435\u0434\u043f\u0440\u0438\u043d\u044f\u0442\u044c \u0432\u0430\u0436\u043d\u044b\u0439 \u0448\u0430\u0433 \u0438 \u0432\u043e\u0437\u043c\u043e\u0436\u043d\u043e \u0434\u0430\u0436\u0435 \u0438\u0437\u043c\u0435\u043d\u0438\u0442\u044c \u0432\u0441\u0435 \u043f\u0440\u0430\u0432\u0438\u043b\u0430 \u0438\u0433\u0440\u044b. \u0422\u0435\u043c \u0431\u043e\u043b\u0435\u0435, \u0447\u0442\u043e \u041a\u0430\u0440\u0434\u0430\u043d \u043e\u043a\u0430\u0437\u0430\u043b\u0441\u044f \u0432\u043e\u0432\u0441\u0435 \u043d\u0435 \u0442\u0430\u043a\u0438\u043c \u0441\u043b\u0430\u0431\u044b\u043c \u0438 \u0431\u0435\u0437\u0432\u043e\u043b\u044c\u043d\u044b\u043c \u043a\u043e\u0440\u043e\u043b\u0435\u043c, \u043a\u0430\u043a \u0434\u0443\u043c\u0430\u043b\u0438 \u0432\u0441\u0435 \u043e\u0431\u0438\u0442\u0430\u0442\u0435\u043b\u0438 \u0424\u0435\u0439\u0440\u0438\u043b\u0435\u043d\u0434\u0430...",
    "isbn": "9785041001711",
    "language": 1,
    "genre": [
      5,
      3
    ]
  }
},
{
  "model": "catalog.book",
  "pk": 6,
  "fields": {
    "title": "\u041f\u0440\u043e\u0444\u0435\u0441\u0441\u0438\u044f: \u0412\u0435\u0434\u044c\u043c\u0430",
    "author": 4,
    "summary": "\u041a\u0430\u0436\u0434\u044b\u0439 \u0437\u0434\u0440\u0430\u0432\u043e\u043c\u044b\u0441\u043b\u044f\u0449\u0438\u0439 \u0447\u0435\u043b\u043e\u0432\u0435\u043a \u0442\u0432\u0435\u0440\u0434\u043e \u0437\u043d\u0430\u0435\u0442: \u0432\u0430\u043c\u043f\u0438\u0440\u043e\u0432 \u043d\u0435 \u0431\u044b\u0432\u0430\u0435\u0442, \u0432\u0430\u043c\u043f\u0438\u0440\u044b \u043e\u0447\u0435\u043d\u044c \u043b\u044e\u0431\u044f\u0442 \u0447\u0435\u043b\u043e\u0432\u0435\u0447\u0435\u0441\u043a\u0443\u044e \u043a\u0440\u043e\u0432\u044c, \u0432\u0430\u043c\u043f\u0438\u0440\u044b \u0431\u043e\u044f\u0442\u0441\u044f \u0447\u0435\u0441\u043d\u043e\u043a\u0430, \u043e\u0441\u0438\u043d\u044b \u0438 \u0441\u043e\u043b\u043d\u0435\u0447\u043d\u043e\u0433\u043e \u0441\u0432\u0435\u0442\u0430. \u0418\u043d\u0442\u0435\u0440\u0435\u0441\u043d\u043e, \u0430 \u0447\u0442\u043e \u0434\u0443\u043c\u0430\u044e\u0442 \u043d\u0430 \u044d\u0442\u043e\u0442 \u0441\u0447\u0435\u0442\u2026 \u0441\u0430\u043c\u0438 \u0432\u0430\u043c\u043f\u0438\u0440\u044b? \u041e\u0445 \u043e\u043d\u0438 \u0431\u044b \u0438 \u043f\u043e\u0440\u0430\u0441\u0441\u043a\u0430\u0437\u0430\u043b\u0438, \u043d\u0430\u0439\u0434\u0438\u0441\u044c \u0434\u043e\u0441\u0442\u0430\u0442\u043e\u0447\u043d\u043e \u0431\u0435\u0441\u043f\u0440\u0438\u0441\u0442\u0440\u0430\u0441\u0442\u043d\u044b\u0439 \u0438 \u0445\u0440\u0430\u0431\u0440\u044b\u0439 \u0441\u043b\u0443\u0448\u0430\u0442\u0435\u043b\u044c! \u041f\u0435\u0440\u0435\u0434 \u0432\u0430\u043c\u0438 \u2014 \u043f\u043e\u0434\u0440\u043e\u0431\u043d\u044b\u0439 \u043e\u0442\u0447\u0435\u0442 \u043d\u0430 \u043e\u0441\u043d\u043e\u0432\u0435 \u043b\u0438\u0447\u043d\u044b\u0445 \u043d\u0430\u0431\u043b\u044e\u0434\u0435\u043d\u0438\u0439, \u0441\u043e\u0441\u0442\u0430\u0432\u043b\u0435\u043d\u043d\u044b\u0439 \u043d\u0435\u0443\u043d\u044b\u0432\u0430\u044e\u0449\u0435\u0439 \u0430\u0434\u0435\u043f\u0442\u043a\u043e\u0439 \u0421\u0442\u0430\u0440\u043c\u0438\u043d\u0441\u043a\u043e\u0439 \u0428\u043a\u043e\u043b\u044b \u041c\u0430\u0433\u043e\u0432, \u041f\u0438\u0444\u0438\u0439 \u0438 \u0422\u0440\u0430\u0432\u043d\u0438\u0446. \u041d\u043e \u043d\u0435 \u0443\u0434\u0430\u043b\u043e\u0441\u044c \u043b\u0438 \u0432\u0430\u043c\u043f\u0438\u0440\u0430\u043c \u0432\u0432\u0435\u0441\u0442\u0438 \u0432 \u0437\u0430\u0431\u043b\u0443\u0436\u0434\u0435\u043d\u0438\u0435 \u0438 \u0435\u0435?",
    "isbn": "9785992209532",
    "language": 1,
    "genre": [
      5,
      3
    ]
  }
},
{
  "model": "catalog.book",
  "pk": 7,
  "fields": {
    "title": "\u0412\u044b\u0448\u0435\u043b \u0445\u0435\u0434\u0436\u0435\u0440 \u0438\u0437 \u0442\u0443\u043c\u0430\u043d\u0430...",
    "author": 5,
    "summary": "\u041a\u043d\u0438\u0433\u0430 \u0442\u043e\u043f-\u043c\u0435\u043d\u0435\u0434\u0436\u0435\u0440\u0430 \u0438\u0437\u0432\u0435\u0441\u0442\u043d\u043e\u0439 \u0438\u043d\u0432\u0435\u0441\u0442\u0438\u0446\u0438\u043e\u043d\u043d\u043e\u0439 \u043a\u043e\u043c\u043f\u0430\u043d\u0438\u0438 Morgan Stanley \u0411\u0430\u0440\u0442\u043e\u043d\u0430 \u0411\u0438\u0433\u0433\u0441\u0430 \u043f\u043e\u0441\u0432\u044f\u0449\u0435\u043d\u0430 \u0442\u0435\u043c, \u043a\u0442\u043e \u043f\u0440\u043e\u0444\u0435\u0441\u0441\u0438\u043e\u043d\u0430\u043b\u044c\u043d\u043e \u0437\u0430\u043d\u0438\u043c\u0430\u0435\u0442\u0441\u044f \u0438\u043d\u0432\u0435\u0441\u0442\u0438\u0440\u043e\u0432\u0430\u043d\u0438\u0435\u043c. \u0412\u044b \u043d\u0435 \u043d\u0430\u0439\u0434\u0435\u0442\u0435 \u0437\u0434\u0435\u0441\u044c \u0441\u043e\u0432\u0435\u0442\u043e\u0432 \u043f\u043e \u0443\u043f\u0440\u0430\u0432\u043b\u0435\u043d\u0438\u044e \u0441\u0432\u043e\u0438\u043c\u0438 \u0438 \u0447\u0443\u0436\u0438\u043c\u0438 \u0444\u0438\u043d\u0430\u043d\u0441\u0430\u043c\u0438, \u043d\u043e \u043f\u043e\u043b\u0443\u0447\u0438\u0442\u0435 \u0434\u043e\u0441\u0442\u0430\u0442\u043e\u0447\u043d\u043e \u043f\u043e\u043b\u043d\u043e\u0435 \u043f\u0440\u0435\u0434\u0441\u0442\u0430\u0432\u043b\u0435\u043d\u0438\u0435 \u043e \u0436\u0438\u0437\u043d\u0438 \u044d\u0442\u0438\u0445 \u043b\u044e\u0434\u0435\u0439: \u043e\u0431 \u0438\u0445 \u043f\u0440\u0438\u043d\u0446\u0438\u043f\u0430\u0445, \u043c\u043e\u0442\u0438\u0432\u0430\u0445 \u043f\u043e\u0432\u0435\u0434\u0435\u043d\u0438\u044f, \u0432\u0437\u0430\u0438\u043c\u043e\u043e\u0442\u043d\u043e\u0448\u0435\u043d\u0438\u044f\u0445, \u0441\u0442\u0440\u0430\u0442\u0435\u0433\u0438\u044f\u0445 \u0438 \u0442\u0430\u043a\u0442\u0438\u043a\u0430\u0445 \u0440\u0430\u0431\u043e\u0442\u044b \u043d\u0430 \u0440\u044b\u043d\u043a\u0435. \u0420\u0435\u0430\u043b\u044c\u043d\u044b\u0435 \u0438\u0441\u0442\u043e\u0440\u0438\u0438 \u0433\u043e\u043b\u043e\u0432\u043e\u043a\u0440\u0443\u0436\u0438\u0442\u0435\u043b\u044c\u043d\u044b\u0445 \u0443\u0441\u043f\u0435\u0445\u043e\u0432 \u0438 \u0441\u043e\u043a\u0440\u0443\u0448\u0438\u0442\u0435\u043b\u044c\u043d\u044b\u0445 \u043f\u0430\u0434\u0435\u043d\u0438\u0439 \u0437\u0430\u0441\u0442\u0430\u0432\u043b\u044f\u044e\u0442 \u0437\u0430\u0434\u0443\u043c\u0430\u0442\u044c\u0441\u044f \u043e \u043c\u043d\u043e\u0433\u043e\u043c. \u0415\u0441\u043b\u0438 \u0432\u044b \u0438\u043c\u0435\u0435\u0442\u0435 \u043e\u0442\u043d\u043e\u0448\u0435\u043d\u0438\u0435 \u043a \u0444\u043e\u043d\u0434\u043e\u0432\u044b\u043c \u0440\u044b\u043d\u043a\u0430\u043c (\u0438\u043b\u0438 \u0441\u043e\u0431\u0438\u0440\u0430\u0435\u0442\u0435\u0441\u044c \u0432\u0441\u0442\u0443\u043f\u0438\u0442\u044c \u043d\u0430 \u044d\u0442\u043e\u0442 \u043f\u0443\u0442\u044c), \u044d\u0442\u0430 \u043a\u043d\u0438\u0433\u0430 \u0432\u0430\u043c \u043d\u0443\u0436\u043d\u0430.",
    "isbn": "9785916574838",
    "language": 1,
    "genre": [
      2,
      4,
      10
    ]
  }
},
{
  "model": "catalog.book",
  "pk": 8,
  "fields": {
    "title": "A Hedge Fund Tale of Reach and Grasp: Or What's a Heaven For",
    "author": 5,
    "summary": "A Tale From the Hedge Fund World chronicles the life of a poor boy who ends up amassing more wealth than he ever thought possible. From studying Wall Street charts while sitting on the sidelines of football practice to realizing how so much money can be made in a short period of time, this book provides a bird's eye view of the inner workings of Wall Street and what it takes to make it there.",
    "isbn": "9780470604540",
    "language": 2,
    "genre": [
      2,
      10
    ]
  }
},
{
  "model": "catalog.book",
  "pk": 9,
  "fields": {
    "title": "\u0411\u0435\u0441\u043a\u043e\u043d\u0435\u0447\u043d\u044b\u0439 \u0432\u0435\u0441\u0442\u0435\u0440\u043d",
    "author": 6,
    "summary": "\u0415\u0433\u043e \u0437\u043e\u0432\u0443\u0442 \u0423\u043e\u0448\u0431\u0435\u0440\u043d \u0438 \u043e\u043d \u0430\u043a\u0442\u0435\u0440, \u0443\u0447\u0430\u0441\u0442\u0432\u0443\u044e\u0449\u0438\u0439 \u0432 \u0431\u0435\u0441\u043a\u043e\u043d\u0435\u0447\u043d\u043e\u043c \u0444\u0438\u043b\u044c\u043c\u0435 \u043f\u043e\u0434 \u043d\u0430\u0437\u0432\u0430\u043d\u0438\u0435\u043c \u0412\u0435\u0441\u0442\u0435\u0440\u043d. \u041d\u043e \u0423\u043e\u0448\u0431\u0435\u0440\u043d \u0440\u0435\u0448\u0430\u0435\u0442 \u0437\u0430\u0432\u0435\u0440\u0448\u0438\u0442\u044c \u0441\u0432\u043e\u044e \u043a\u0430\u0440\u044c\u0435\u0440\u0443, \u0432\u0435\u0434\u044c \u0443 \u043d\u0435\u0433\u043e \u0435\u0441\u0442\u044c \u0432\u0441\u0435 \u043e \u0447\u0435\u043c \u043e\u043d \u043c\u0435\u0447\u0442\u0430\u043b: \u0438 \u0436\u0435\u043d\u0430, \u0438 \u0434\u0435\u043d\u044c\u0433\u0438, \u0438 \u0441\u043b\u0430\u0432\u0430. \u0415\u043c\u0443 \u043d\u0443\u0436\u043d\u043e \u0441\u043d\u044f\u0442\u044c\u0441\u044f \u0432 \u043f\u043e\u0441\u043b\u0435\u0434\u043d\u0435\u043c \u044d\u043f\u0438\u0437\u043e\u0434\u0435 \u0438 \u0442\u043e\u0433\u0434\u0430 \u0435\u0433\u043e \u043c\u0435\u0447\u0442\u0430 \u043e\u0441\u0443\u0449\u0435\u0441\u0442\u0432\u0438\u0442\u0441\u044f\u2026",
    "isbn": "2199212138812",
    "language": 1,
    "genre": [
      4,
      5
    ]
  }
},
{
  "model": "catalog.book",
  "pk": 10,
  "fields": {
    "title": "\u0416\u0438\u0432\u043e\u0435 \u0437\u043e\u043b\u043e\u0442\u043e (\u0441\u0431\u043e\u0440\u043d\u0438\u043a)",
    "author": 6,
    "summary": "\u041f\u0440\u043e\u0442\u0438\u0432\u043e\u0441\u0442\u043e\u044f\u043d\u0438\u0435 \u043c\u043e\u0433\u0443\u0449\u0435\u0441\u0442\u0432\u0435\u043d\u043d\u044b\u0445 \u0440\u0430\u0437\u0432\u0435\u0434\u043e\u043a \u0438 \u043c\u0435\u043b\u043a\u043e\u0433\u043e \u0432\u043e\u0440\u0438\u0448\u043a\u0438, \u0432 \u0440\u0443\u043a\u0438 \u043a\u043e\u0442\u043e\u0440\u043e\u0433\u043e \u0441\u043b\u0443\u0447\u0430\u0439\u043d\u043e \u043f\u043e\u043f\u0430\u043b\u0438 \u0441\u0435\u043a\u0440\u0435\u0442\u043d\u044b\u0435 \u0434\u043e\u043a\u0443\u043c\u0435\u043d\u0442\u044b, \u043c\u043e\u0433\u043b\u043e \u0431\u044b \u0437\u0430\u043a\u043e\u043d\u0447\u0438\u0442\u044c\u0441\u044f \u0431\u044b\u0441\u0442\u0440\u043e \u0438 \u043e\u0434\u043d\u043e\u0437\u043d\u0430\u0447\u043d\u043e, \u0435\u0441\u043b\u0438 \u0431\u044b \u043d\u0435 \u0438\u0437\u0432\u0435\u0447\u043d\u043e\u0435 \u0441\u043e\u043f\u0435\u0440\u043d\u0438\u0447\u0435\u0441\u0442\u0432\u043e \u0440\u044b\u0446\u0430\u0440\u0435\u0439 \u043f\u043b\u0430\u0449\u0430 \u0438 \u043a\u0438\u043d\u0436\u0430\u043b\u0430. \u0412 \u043c\u0438\u0440\u043d\u043e\u0435 \u0432\u0440\u0435\u043c\u044f, \u043a\u043e\u0433\u0434\u0430 \u0441\u0430\u043c\u044b\u0435 \u0436\u0430\u0440\u043a\u0438\u0435 \u0431\u0438\u0442\u0432\u044b\u043f\u0440\u043e\u0438\u0441\u0445\u043e\u0434\u044f\u0442 \u043d\u0430 \u043d\u0435\u0432\u0438\u0434\u0438\u043c\u043e\u043c \u0444\u0440\u043e\u043d\u0442\u0435, \u0438\u043c\u0435\u043d\u043d\u043e \u0442\u0430\u043a\u0438\u0435 \u043b\u044e\u0434\u0438, \u043a\u0430\u043a \u0441\u0435\u043a\u0440\u0435\u0442\u043d\u044b\u0439 \u0430\u0433\u0435\u043d\u0442 \u0421\u0442\u0438\u0432\u0435\u043d \u0414\u044d\u0439\u043d, \u0441\u043b\u0443\u0436\u0430\u0442 \u0433\u0430\u0440\u0430\u043d\u0442\u0438\u0435\u0439 \u0432\u044b\u0436\u0438\u0432\u0430\u043d\u0438\u044f \u0447\u0435\u043b\u043e\u0432\u0435\u0447\u0435\u0441\u0442\u0432\u0430. \u0414\u044d\u0439\u043d \u043d\u0435 \u0431\u043e\u0438\u0442\u0441\u044f \u043d\u0438\u043a\u043e\u0433\u043e \u0438 \u043d\u0438\u0447\u0435\u0433\u043e, \u043e\u043d \u0433\u043e\u0442\u043e\u0432 \u0441\u043b\u0435\u0434\u043e\u0432\u0430\u0442\u044c \u0432 \u043b\u044e\u0431\u0443\u044e \u0442\u043e\u0447\u043a\u0443 \u0437\u0435\u043c\u043d\u043e\u0433\u043e \u0448\u0430\u0440\u0430 \u0438 \u0438\u0434\u0442\u0438 \u043d\u0430 \u043b\u044e\u0431\u043e\u0439 \u0440\u0438\u0441\u043a, \u0447\u0442\u043e\u0431\u044b \u0434\u043e\u0431\u0438\u0442\u044c\u0441\u044f \u0440\u0435\u0437\u0443\u043b\u044c\u0442\u0430\u0442\u0430. \u0410\u0435\u0441\u043b\u0438 \u0431\u0435\u0441\u0441\u0442\u0440\u0430\u0448\u043d\u044b\u0439 \u0440\u0430\u0437\u0432\u0435\u0434\u0447\u0438\u043a \u043f\u043e\u043c\u043e\u0436\u0435\u0442 \u0432\u044b\u0436\u0438\u0442\u044c \u0438 \u043e\u0442\u0434\u0435\u043b\u044c\u043d\u043e \u0432\u0437\u044f\u0442\u043e\u043c\u0443 \u0447\u0435\u043b\u043e\u0432\u0435\u0447\u043a\u0443, \u0440\u0430\u0437\u0432\u0435 \u043c\u044b \u043e\u0442\u0432\u0430\u0436\u0438\u043c\u0441\u044f \u043e\u0441\u0443\u0434\u0438\u0442\u044c \u0435\u0433\u043e \u0437\u0430 \u044d\u0442\u043e? \u0417\u043d\u0430\u043c\u0435\u043d\u0438\u0442\u044b\u0439 \u0444\u0430\u043d\u0442\u0430\u0441\u0442 \u0420\u043e\u0431\u0435\u0440\u0442 \u0428\u0435\u043a\u043b\u0438 \u0441\u043e\u0432\u0441\u0435\u043c \u043d\u0435\u043f\u043b\u043e\u0445 \u0438 \u043a\u0430\u043a \u0430\u0432\u0442\u043e\u0440 \u0431\u043e\u0435\u0432\u0438\u043a\u043e\u0432 \u2014 \u0443 \u0432\u0430\u0441 \u0435\u0441\u0442\u044c \u043e\u0442\u043b\u0438\u0447\u043d\u0430\u044f \u0432\u043e\u0437\u043c\u043e\u0436\u043d\u043e\u0441\u0442\u044c \u0443\u0431\u0435\u0434\u0438\u0442\u044c\u0441\u044f \u0432 \u044d\u0442\u043e\u043c, \u0442\u0435\u043c \u0431\u043e\u043b\u0435\u0435 \u0447\u0442\u043e \u0434\u0432\u0435\u0438\u0437 \u0442\u0440\u0435\u0445 \u0432\u043e\u0448\u0435\u0434\u0448\u0438\u0445 \u0432 \u044d\u0442\u043e\u0442 \u0442\u043e\u043c \u043f\u043e\u0432\u0435\u0441\u0442\u0435\u0439 \u043f\u0443\u0431\u043b\u0438\u043a\u0443\u044e\u0442\u0441\u044f \u043d\u0430 \u0440\u0443\u0441\u0441\u043a\u043e\u043c \u044f\u0437\u044b\u043a\u0435 \u0432\u043f\u0435\u0440\u0432\u044b\u0435.",
    "isbn": "5-04-007441-7",
    "language": 1,
    "genre": [
      4,
      5
    ]
  }
},
{
  "model": "catalog.book",
  "pk": 11,
  "fields": {
    "title": "\u0418\u043d\u0432\u0435\u0441\u0442\u0438\u0446\u0438\u0438 \u0438 \u0442\u0440\u0435\u0439\u0434\u0438\u043d\u0433",
    "author": 7,
    "summary": "\u0424\u0438\u043d\u0430\u043d\u0441\u043e\u0432\u044b\u0439 \u0440\u044b\u043d\u043e\u043a - \u044d\u0442\u043e \u0438\u043d\u0444\u043e\u0440\u043c\u0430\u0446\u0438\u043e\u043d\u043d\u044b\u0435 \u0434\u0436\u0443\u043d\u0433\u043b\u0438 \u0441 \u043f\u043e\u0441\u0442\u043e\u044f\u043d\u043d\u043e \u0432\u043e\u0437\u043d\u0438\u043a\u0430\u044e\u0449\u0438\u043c\u0438 \u043e\u043f\u0430\u0441\u043d\u043e\u0441\u0442\u044f\u043c\u0438, \u0432\u043e\u0437\u043c\u043e\u0436\u043d\u043e\u0441\u0442\u044f\u043c\u0438, \u0437\u0430\u0431\u043b\u0443\u0436\u0434\u0435\u043d\u0438\u044f\u043c\u0438 \u0438 \u043e\u0442\u043a\u0440\u044b\u0442\u0438\u044f\u043c\u0438. \u041a\u0430\u043a \u0443\u0432\u0435\u043b\u0438\u0447\u0438\u0442\u044c \u0448\u0430\u043d\u0441\u044b \u043d\u0430 \u0432\u044b\u0436\u0438\u0432\u0430\u043d\u0438\u0435 \u0438 \u043f\u043e\u043b\u0443\u0447\u0435\u043d\u0438\u0435 \u043f\u0440\u0438\u0431\u044b\u043b\u0438? \u041d\u0430 \u043a\u0430\u043a\u0438\u0435 \u043c\u0435\u0442\u043e\u0434\u044b \u0430\u043d\u0430\u043b\u0438\u0437\u0430 \u043c\u043e\u0436\u043d\u043e \u043f\u043e\u043b\u0430\u0433\u0430\u0442\u044c\u0441\u044f? \u041a\u0430\u043a\u0438\u0435 \u0440\u0438\u0441\u043a\u0438 \u043f\u0440\u0438\u0435\u043c\u043b\u0435\u043c\u044b? \u041a\u0430\u043a\u0438\u0435 \u0441\u0442\u0440\u0430\u0442\u0435\u0433\u0438\u0438 \u0432\u0435\u0440\u043e\u044f\u0442\u043d\u0435\u0435 \u0432\u0441\u0435\u0433\u043e \u043f\u0440\u0438\u0432\u0435\u0434\u0443\u0442 \u043a \u0443\u0441\u043f\u0435\u0445\u0443?\r\n\u041a\u043d\u0438\u0433\u0430 \u0421\u0430\u0439\u043c\u043e\u043d\u0430 \u0412\u0430\u0439\u043d\u0430, \u0443\u043f\u0440\u0430\u0432\u043b\u044f\u044e\u0449\u0435\u0433\u043e \u0434\u0438\u0440\u0435\u043a\u0442\u043e\u0440\u0430 \"\u0410\u043b\u044c\u0444\u0430-\u0411\u0430\u043d\u043a\u0430\", \u043e\u0442\u0432\u0435\u0447\u0430\u0435\u0442 \u043d\u0430 \u044d\u0442\u0438 \u0432\u043e\u043f\u0440\u043e\u0441\u044b \u0438 \u043f\u043e\u0437\u0432\u043e\u043b\u044f\u0435\u0442 \u0447\u0438\u0442\u0430\u0442\u0435\u043b\u044e \u0441\u0444\u043e\u0440\u043c\u0438\u0440\u043e\u0432\u0430\u0442\u044c \u0438\u043d\u0434\u0438\u0432\u0438\u0434\u0443\u0430\u043b\u044c\u043d\u044b\u0439 \u0441\u0442\u0438\u043b\u044c \u0442\u0440\u0435\u0439\u0434\u0438\u043d\u0433\u0430. \u0410\u0432\u0442\u043e\u0440 \u043a\u0440\u0438\u0442\u0438\u0447\u0435\u0441\u043a\u0438 \u043f\u0435\u0440\u0435\u043e\u0441\u043c\u044b\u0441\u043b\u0438\u0432\u0430\u0435\u0442 \u043e\u0431\u0449\u0435\u043f\u0440\u0438\u043d\u044f\u0442\u044b\u0435 \u043f\u043e\u0441\u0442\u0443\u043b\u0430\u0442\u044b \u0444\u0438\u043d\u0430\u043d\u0441\u043e\u0432\u043e\u0439 \u0442\u0435\u043e\u0440\u0438\u0438 \u0438 \u043f\u043e\u043a\u0430\u0437\u044b\u0432\u0430\u0435\u0442, \u043a\u0430\u043a \u043e\u043d\u0430 \u0440\u0430\u0431\u043e\u0442\u0430\u0435\u0442 \u043d\u0430 \u043f\u0440\u0430\u043a\u0442\u0438\u043a\u0435.\r\n\u041a\u043d\u0438\u0433\u0430 \u0430\u0434\u0440\u0435\u0441\u043e\u0432\u0430\u043d\u0430 \u0442\u0440\u0435\u0439\u0434\u0435\u0440\u0430\u043c \u0438 \u0438\u043d\u0432\u0435\u0441\u0442\u043e\u0440\u0430\u043c, \u043a\u043e\u0442\u043e\u0440\u044b\u0435 \u0440\u0430\u0431\u043e\u0442\u0430\u044e\u0442 \u043d\u0430 \u0440\u044b\u043d\u043a\u0430\u0445 \u0430\u043a\u0446\u0438\u0439, \u043e\u0431\u043b\u0438\u0433\u0430\u0446\u0438\u0439, \u0432\u0430\u043b\u044e\u0442 \u0438 \u043f\u0440\u043e\u0438\u0437\u0432\u043e\u0434\u043d\u044b\u0445 \u0438\u043d\u0441\u0442\u0440\u0443\u043c\u0435\u043d\u0442\u043e\u0432.\r\n3-\u0435 \u0438\u0437\u0434\u0430\u043d\u0438\u0435, \u0438\u0441\u043f\u0440\u0430\u0432\u043b\u0435\u043d\u043d\u043e\u0435 \u0438 \u0434\u043e\u043f\u043e\u043b\u043d\u0435\u043d\u043d\u043e\u0435.",
    "isbn": "9785961450965",
    "language": 1,
    "genre": [
      2,
      10
    ]
  }
},
{
  "model": "catalog.book",
  "pk": 12,
  "fields": {
    "title": "\u0420\u0435\u0433\u0443\u043b\u044f\u0440\u043d\u044b\u0435 \u0432\u044b\u0440\u0430\u0436\u0435\u043d\u0438\u044f",
    "author": 8,
    "summary": "\u0412\u044b \u043d\u0438\u043a\u043e\u0433\u0434\u0430 \u043d\u0435 \u043f\u043e\u043b\u044c\u0437\u043e\u0432\u0430\u043b\u0438\u0441\u044c \u0440\u0435\u0433\u0443\u043b\u044f\u0440\u043d\u044b\u043c\u0438 \u0432\u044b\u0440\u0430\u0436\u0435\u043d\u0438\u044f\u043c\u0438? \u041e\u0442\u043a\u0440\u043e\u0439\u0442\u0435 \u043c\u0438\u0440 regex, \u0438 \u0441\u0442\u0430\u043d\u044c\u0442\u0435 \u043f\u0440\u043e\u0444\u0435\u0441\u0441\u0438\u043e\u043d\u0430\u043b\u043e\u043c, \u0441\u043f\u043e\u0441\u043e\u0431\u043d\u044b\u043c \u044d\u0444\u0444\u0435\u043a\u0442\u0438\u0432\u043d\u043e \u0440\u0430\u0431\u043e\u0442\u0430\u0442\u044c \u0441 \u0434\u0430\u043d\u043d\u044b\u043c\u0438 \u0432 Java, JavaScript, C, C++, C#, Perl, Python, Ruby, PHP \u0438 \u0434\u0440\u0443\u0433\u0438\u0445 \u044f\u0437\u044b\u043a\u0430\u0445 \u043f\u0440\u043e\u0433\u0440\u0430\u043c\u043c\u0438\u0440\u043e\u0432\u0430\u043d\u0438\u044f. \u041c\u0435\u0436\u0434\u0443\u043d\u0430\u0440\u043e\u0434\u043d\u044b\u0439 \u0431\u0435\u0441\u0442\u0441\u0435\u043b\u043b\u0435\u0440 \u0437\u043d\u0430\u043a\u043e\u043c\u0438\u0442 \u0441 \u0444\u0443\u043d\u0434\u0430\u043c\u0435\u043d\u0442\u0430\u043b\u044c\u043d\u044b\u043c\u0438 \u043e\u0441\u043d\u043e\u0432\u0430\u043c\u0438 \u0440\u0435\u0433\u0443\u043b\u044f\u0440\u043d\u044b\u0445 \u0432\u044b\u0440\u0430\u0436\u0435\u043d\u0438\u0439, \u0444\u0443\u043d\u043a\u0446\u0438\u043e\u043d\u0430\u043b\u044c\u043d\u044b\u043c\u0438 \u0432\u043e\u0437\u043c\u043e\u0436\u043d\u043e\u0441\u0442\u044f\u043c\u0438 \u044f\u0437\u044b\u043a\u043e\u0432 \u043f\u0440\u043e\u0433\u0440\u0430\u043c\u043c\u0438\u0440\u043e\u0432\u0430\u043d\u0438\u044f \u0438 \u043f\u043e\u0437\u0432\u043e\u043b\u044f\u0435\u0442 \u043e\u043f\u0442\u0438\u043c\u0438\u0437\u0438\u0440\u043e\u0432\u0430\u0442\u044c \u0440\u0430\u0431\u043e\u0442\u0443 \u0441 \u0438\u043d\u0444\u043e\u0440\u043c\u0430\u0446\u0438\u0435\u0439. \u0412\u044b \u043d\u0430\u0443\u0447\u0438\u0442\u0435\u0441\u044c \u0441\u0430\u043c\u043e\u0441\u0442\u043e\u044f\u0442\u0435\u043b\u044c\u043d\u043e \u043a\u043e\u043d\u0441\u0442\u0440\u0443\u0438\u0440\u043e\u0432\u0430\u0442\u044c \u0420\u0435\u0433\u0443\u043b\u044f\u0440\u043d\u044b\u0435 \u0432\u044b\u0440\u0430\u0436\u0435\u043d\u0438\u044f \u0438 \u0438\u0441\u043f\u043e\u043b\u044c\u0437\u043e\u0432\u0430\u0442\u044c \u043f\u0440\u0438\u0432\u0435\u0434\u0435\u043d\u043d\u044b\u0435 \u0432 \u043a\u043d\u0438\u0433\u0435 \u043f\u0440\u0438\u043c\u0435\u0440\u044b \u0434\u043b\u044f \u0431\u044b\u0441\u0442\u0440\u043e\u0433\u043e \u0440\u0435\u0448\u0435\u043d\u0438\u044f \u0441\u0430\u043c\u044b\u0445 \u0430\u043a\u0442\u0443\u0430\u043b\u044c\u043d\u044b\u0445 \u0437\u0430\u0434\u0430\u0447.\r\n\"\u041d\u0435\u0437\u0430\u043c\u0435\u043d\u0438\u043c\u0430\u044f \u043a\u043d\u0438\u0433\u0430 \u0434\u043b\u044f \u0432\u043e\u043b\u0448\u0435\u0431\u043d\u0438\u043a\u043e\u0432 \u0442\u0435\u043a\u0441\u0442\u043e\u0432\u043e\u0439 \u043e\u0431\u0440\u0430\u0431\u043e\u0442\u043a\u0438 \u0438 \u043d\u043e\u0432\u0438\u0447\u043a\u043e\u0432 regex\". - \u041f\u043e\u043b \u0425\u0430\u0434\u0441\u043e\u043d, Linux Format\r\n3-\u0435 \u0438\u0437\u0434\u0430\u043d\u0438\u0435.",
    "isbn": "9785932861219",
    "language": 1,
    "genre": [
      1,
      8,
      11
    ]
  }
},
{
  "model": "catalog.book",
  "pk": 13,
  "fields": {
    "title": "\u041c\u0430\u0440\u0448\u0440\u0443\u0442\u0438\u0437\u0430\u0442\u043e\u0440\u044b Cisco. \u041f\u0440\u0430\u043a\u0442\u0438\u0447\u0435\u0441\u043a\u043e\u0435 \u043f\u0440\u0438\u043c\u0435\u043d\u0435\u043d\u0438\u0435",
    "author": 9,
    "summary": "\u0412 \u043a\u043d\u0438\u0433\u0435 \u0440\u0430\u0441\u0441\u043a\u0430\u0437\u044b\u0432\u0430\u0435\u0442\u0441\u044f \u043e\u0431 \u043e\u0441\u043d\u043e\u0432\u043d\u044b\u0445 \u043f\u0440\u0438\u043d\u0446\u0438\u043f\u0430\u0445 \u0440\u0430\u0431\u043e\u0442\u044b LAN- \u0438 WAN-\u0441\u043e\u0435\u0434\u0438\u043d\u0435\u043d\u0438\u0439, \u0440\u0430\u0441\u0441\u043c\u0430\u0442\u0440\u0438\u0432\u0430\u044e\u0442\u0441\u044f \u043a\u043e\u043d\u0446\u0435\u043f\u0446\u0438\u0438 \u0438 \u0442\u0435\u0445\u043d\u043e\u043b\u043e\u0433\u0438\u0438 \u043c\u0430\u0440\u0448\u0440\u0443\u0442\u0438\u0437\u0430\u0446\u0438\u0438 \u0440\u0430\u0437\u043b\u0438\u0447\u043d\u044b\u0445 \u0441\u0435\u0442\u0435\u0432\u044b\u0445 \u043f\u0440\u043e\u0442\u043e\u043a\u043e\u043b\u043e\u0432, \u0430 \u0442\u0430\u043a\u0436\u0435 \u043e\u043f\u0438\u0441\u044b\u0432\u0430\u044e\u0442\u0441\u044f \u043f\u0440\u0438\u043d\u0446\u0438\u043f\u044b \u0444\u0443\u043d\u043a\u0446\u0438\u043e\u043d\u0438\u0440\u043e\u0432\u0430\u043d\u0438\u044f \u043c\u0430\u0440\u0448\u0440\u0443\u0442\u0438\u0437\u0430\u0442\u043e\u0440\u043e\u0432 Cisco \u0438 \u0441\u0435\u0442\u0435\u0432\u043e\u0439 \u043e\u043f\u0435\u0440\u0430\u0446\u0438\u043e\u043d\u043d\u043e\u0439 \u0441\u0438\u0441\u0442\u0435\u043c\u044b Cisco IOS. \u0412 \u0438\u0437\u043b\u043e\u0436\u0435\u043d\u0438\u0438 \u043c\u0430\u0442\u0435\u0440\u0438\u0430\u043b\u0430 \u0438\u0441\u043f\u043e\u043b\u044c\u0437\u0443\u0435\u0442\u0441\u044f \u043f\u043e\u0441\u043b\u0435\u0434\u043e\u0432\u0430\u0442\u0435\u043b\u044c\u043d\u044b\u0439 \u0438 \u0441\u0438\u0441\u0442\u0435\u043c\u0430\u0442\u0438\u0447\u0435\u0441\u043a\u0438\u0439 \u043f\u043e\u0434\u0445\u043e\u0434, \u043a\u043e\u0442\u043e\u0440\u044b\u0439 \u0432\u043a\u043b\u044e\u0447\u0430\u0435\u0442 \u043f\u043e\u0448\u0430\u0433\u043e\u0432\u043e\u0435 \u043e\u043f\u0438\u0441\u0430\u043d\u0438\u0435 \u043d\u0430\u0438\u0431\u043e\u043b\u0435\u0435 \u0447\u0430\u0441\u0442\u043e \u043f\u0440\u0438\u043c\u0435\u043d\u044f\u0435\u043c\u044b\u0445 \u043a\u043e\u043c\u0430\u043d\u0434, \u0444\u0443\u043d\u043a\u0446\u0438\u0439, \u0441\u0438\u0441\u0442\u0435\u043c\u0443 \u043f\u043e\u0434\u0441\u043a\u0430\u0437\u043e\u043a \u0438 \u0440\u0435\u0448\u0435\u043d\u0438\u0439 \u0434\u043b\u044f \u0441\u0430\u043c\u044b\u0445 \u0440\u0430\u0441\u043f\u0440\u043e\u0441\u0442\u0440\u0430\u043d\u0435\u043d\u043d\u044b\u0445 \u043f\u0440\u043e\u0431\u043b\u0435\u043c.\r\n\r\n\u0418\u0437\u0434\u0430\u043d\u0438\u0435 \u043c\u043e\u0436\u0435\u0442 \u043f\u043e\u0441\u043b\u0443\u0436\u0438\u0442\u044c \u043d\u0435\u0437\u0430\u043c\u0435\u043d\u0438\u043c\u044b\u043c \u0443\u0447\u0435\u0431\u043d\u0438\u043a\u043e\u043c \u0434\u043b\u044f \u043d\u043e\u0432\u0438\u0447\u043a\u043e\u0432, \u0441\u0442\u0440\u0435\u043c\u044f\u0449\u0438\u0445\u0441\u044f \u043e\u0441\u0432\u043e\u0438\u0442\u044c \u0441\u0435\u0442\u0435\u0432\u044b\u0435 \u0442\u0435\u0445\u043d\u043e\u043b\u043e\u0433\u0438\u0438, \u0430 \u0442\u0430\u043a\u0436\u0435 \u0441\u043f\u0440\u0430\u0432\u043e\u0447\u043d\u044b\u043c \u043f\u043e\u0441\u043e\u0431\u0438\u0435\u043c \u0434\u043b\u044f \u043f\u0440\u043e\u0444\u0435\u0441\u0441\u0438\u043e\u043d\u0430\u043b\u043e\u0432, \u043a\u043e\u0442\u043e\u0440\u044b\u0435 \u0445\u043e\u0442\u044f\u0442 \u0431\u043e\u043b\u0435\u0435 \u043f\u043e\u0434\u0440\u043e\u0431\u043d\u043e \u0438\u0437\u0443\u0447\u0438\u0442\u044c \u043f\u0440\u0438\u043d\u0446\u0438\u043f\u044b \u0440\u0430\u0431\u043e\u0442\u044b \u043c\u0430\u0440\u0448\u0440\u0443\u0442\u0438\u0437\u0430\u0442\u043e\u0440\u043e\u0432 Cisco.",
    "isbn": "5-94074-123-1",
    "language": 1,
    "genre": [
      1,
      8
    ]
  }
},
{
  "model": "catalog.book",
  "pk": 14,
  "fields": {
    "title": "Autodesk Inventor",
    "author": 10,
    "summary": "\u042d\u0442\u043e \u0443\u0447\u0435\u0431\u043d\u043e\u0435 \u043f\u043e\u0441\u043e\u0431\u0438\u0435 \u0438 \u0441\u043f\u0440\u0430\u0432\u043e\u0447\u043d\u043e\u0435 \u0440\u0443\u043a\u043e\u0432\u043e\u0434\u0441\u0442\u0432\u043e \u0441\u043e\u0434\u0435\u0440\u0436\u0438\u0442 \u0443\u0434\u0438\u0432\u0438\u0442\u0435\u043b\u044c\u043d\u043e \u043f\u043e\u043b\u043d\u0443\u044e \u043f\u043e\u0434\u0431\u043e\u0440\u043a\u0443 \u0440\u0435\u0430\u043b\u0438\u0441\u0442\u0438\u0447\u0435\u0441\u043a\u0438\u0445 \u043f\u0440\u0438\u043c\u0435\u0440\u043e\u0432, \u0443\u043f\u0440\u0430\u0436\u043d\u0435\u043d\u0438\u0439 \u0438 \u0443\u0440\u043e\u043a\u043e\u0432, \u0430 \u0442\u0430\u043a\u0436\u0435 \u0441\u0432\u044b\u0448\u0435 500 \u0432\u0438\u0434\u043e\u0432 \u044d\u043a\u0440\u0430\u043d\u0430. \u041a\u043d\u0438\u0433\u0430 \u043d\u0435\u0437\u0430\u043c\u0435\u043d\u0438\u043c\u0430 \u043a\u0430\u043a \u0434\u043b\u044f \u043f\u0440\u043e\u0444\u0435\u0441\u0441\u0438\u043e\u043d\u0430\u043b\u044c\u043d\u044b\u0445 \u0438\u043d\u0436\u0435\u043d\u0435\u0440\u043e\u0432-\u043c\u0435\u0445\u0430\u043d\u0438\u043a\u043e\u0432, \u0442\u0430\u043a \u0438 \u0434\u043b\u044f \u0441\u0442\u0443\u0434\u0435\u043d\u0442\u043e\u0432. \u041d\u0430\u043f\u0438\u0441\u0430\u043d\u043d\u0430\u044f \u043d\u0430 \u043e\u0441\u043d\u043e\u0432\u0435 \u043f\u043e\u0441\u043b\u0435\u0434\u043d\u0435\u0439 \u0432\u0435\u0440\u0441\u0438\u0438 \u043f\u0440\u043e\u0433\u0440\u0430\u043c\u043c\u043d\u043e\u0433\u043e \u043f\u0440\u043e\u0434\u0443\u043a\u0442\u0430, \u043a\u043d\u0438\u0433\u0430 \"Autodesk Inventor\" \u0437\u043d\u0430\u043a\u043e\u043c\u0438\u0442 \u0447\u0438\u0442\u0430\u0442\u0435\u043b\u044f \u0441\u043e \u0432\u0441\u0435\u043c\u0438 \u044d\u0442\u0430\u043f\u0430\u043c\u0438 \u0441\u043e\u0437\u0434\u0430\u043d\u0438\u044f \u0431\u0430\u0437\u043e\u0432\u044b\u0445 \u044d\u0441\u043a\u0438\u0437\u043e\u0432 \u0438 \u043c\u043e\u0434\u0435\u043b\u0435\u0439 \u0442\u0432\u0435\u0440\u0434\u044b\u0445 \u0442\u0435\u043b \u0441 \u0438\u0441\u043f\u043e\u043b\u044c\u0437\u043e\u0432\u0430\u043d\u0438\u0435\u043c \u043d\u0430\u0438\u0431\u043e\u043b\u0435\u0435 \u0440\u0430\u0437\u0432\u0438\u0442\u044b\u0445 \u0438 \u044d\u0444\u0444\u0435\u043a\u0442\u0438\u0432\u043d\u044b\u0445 \u043c\u0435\u0442\u043e\u0434\u043e\u0432 \u043c\u043e\u0434\u0435\u043b\u0438\u0440\u043e\u0432\u0430\u043d\u0438\u044f. \u041e\u043f\u0438\u0441\u0430\u043d\u0438\u0435 \u0438\u043d\u0441\u0442\u0440\u0443\u043c\u0435\u043d\u0442\u043e\u0432 \u0438 \u0444\u0443\u043d\u043a\u0446\u0438\u0439 Autodesk Inventor, \u043a\u0440\u0438\u0442\u0438\u0447\u0435\u0441\u043a\u0438 \u0432\u0430\u0436\u043d\u044b\u0445 \u0434\u043b\u044f \u0440\u0435\u0448\u0435\u043d\u0438\u044f \u043f\u043e\u0441\u0442\u0430\u0432\u043b\u0435\u043d\u043d\u044b\u0445 \u0437\u0430\u0434\u0430\u0447, \u043f\u043e\u043c\u043e\u0433\u0430\u0435\u0442 \u043f\u043e\u043b\u044c\u0437\u043e\u0432\u0430\u0442\u0435\u043b\u044e \u0431\u044b\u0441\u0442\u0440\u043e \u043d\u0430\u0443\u0447\u0438\u0442\u044c\u0441\u044f \u0441\u043e\u0437\u0434\u0430\u0432\u0430\u0442\u044c \u044d\u0441\u043a\u0438\u0437\u044b, \u043e\u0433\u0440\u0430\u043d\u0438\u0447\u0435\u043d\u0438\u044f \u0438 \u0440\u0430\u0437\u043c\u0435\u0440\u044b \u0434\u043b\u044f \u0442\u0440\u0435\u0445\u043c\u0435\u0440\u043d\u044b\u0445 \u0447\u0435\u0440\u0442\u0435\u0436\u0435\u0439, \u0433\u0435\u043d\u0435\u0440\u0438\u0440\u043e\u0432\u0430\u0442\u044c \u0438 \u0440\u0435\u0434\u0430\u043a\u0442\u0438\u0440\u043e\u0432\u0430\u0442\u044c \u0447\u0435\u0440\u0442\u0435\u0436\u043d\u044b\u0435 \u0432\u0438\u0434\u044b, \u043c\u043e\u0434\u0435\u043b\u0438\u0440\u043e\u0432\u0430\u0442\u044c \u0441\u0431\u043e\u0440\u043a\u0438 \u0438 \u0447\u0430\u0441\u0442\u0438\u0447\u043d\u044b\u0435 \u0441\u0431\u043e\u0440\u043a\u0438. \u041f\u043e\u0434\u0440\u043e\u0431\u043d\u043e \u043e\u0431\u0441\u0443\u0436\u0434\u0430\u0435\u0442\u0441\u044f \u043d\u0430\u0431\u043e\u0440 \u043c\u0435\u0442\u043e\u0434\u043e\u0432 \u043c\u043e\u0434\u0435\u043b\u0438\u0440\u043e\u0432\u0430\u043d\u0438\u044f \u0442\u0432\u0435\u0440\u0434\u044b\u0445 \u0442\u0435\u043b, \u043a\u043e\u0442\u043e\u0440\u044b\u0435 \u043f\u043e\u0437\u0432\u043e\u043b\u044f\u044e\u0442 \u044d\u043a\u043e\u043d\u043e\u043c\u0438\u0442\u044c \u0432\u0440\u0435\u043c\u044f \u0438 \u043f\u043e\u0432\u044b\u0448\u0430\u044e\u0442 \u044d\u0444\u0444\u0435\u043a\u0442\u0438\u0432\u043d\u043e\u0441\u0442\u044c \u0440\u0430\u0431\u043e\u0442\u044b \u043f\u0440\u043e\u0435\u043a\u0442\u0438\u0440\u043e\u0432\u0449\u0438\u043a\u0430.",
    "isbn": "5-85582-224-9",
    "language": 1,
    "genre": [
      1,
      8
    ]
  }
},
{
  "model": "catalog.book",
  "pk": 15,
  "fields": {
    "title": "\u0418\u0433\u0440\u0430 \u043d\u0430 \u0434\u0435\u043d\u044c\u0433\u0438",
    "author": 11,
    "summary": "\u041b\u043e\u0440\u0434 \u041a\u0435\u0439\u043d\u0441 \u043f\u0435\u0440\u0432\u044b\u043c \u0441\u043a\u0430\u0437\u0430\u043b, \u0447\u0442\u043e \u0443\u043f\u0440\u0430\u0432\u043b\u044f\u0442\u044c \u0434\u0435\u043d\u044c\u0433\u0430\u043c\u0438 \u043d\u0430 \u0444\u0438\u043d\u0430\u043d\u0441\u043e\u0432\u044b\u0445 \u0440\u044b\u043d\u043a\u0430\u0445 - \u0437\u043d\u0430\u0447\u0438\u0442 \u0438\u0433\u0440\u0430\u0442\u044c. \u0410\u0432\u0442\u043e\u0440 \u0443\u0442\u0432\u0435\u0440\u0436\u0434\u0430\u0435\u0442, \u0447\u0442\u043e \u0431\u043e\u043b\u044c\u0448\u0438\u043d\u0441\u0442\u0432\u043e \u043a\u043d\u0438\u0433, \u043f\u043e\u0441\u0432\u044f\u0449\u0435\u043d\u043d\u044b\u0445 \u0434\u0435\u043d\u044c\u0433\u0430\u043c, \u0433\u043e\u0432\u043e\u0440\u044f\u0442 \u043b\u0438\u0448\u044c \u043e\u0431 \u044d\u043a\u043e\u043d\u043e\u043c\u0438\u043a\u0435 \u0438 \u0441\u0442\u0430\u0442\u0438\u0441\u0442\u0438\u043a\u0435, \u0430 \u044d\u0442\u043e \u043b\u0438\u0448\u044c \u043f\u043e\u043b\u043e\u0432\u0438\u043d\u0430 \u0438\u0433\u0440\u044b. \u0412\u0442\u043e\u0440\u0430\u044f \u043f\u043e\u043b\u043e\u0432\u0438\u043d\u0430 \u0438\u0433\u0440\u044b \u043d\u0430 \u0434\u0435\u043d\u044c\u0433\u0438 - \u043b\u044e\u0434\u0438, \u0432\u0437\u044f\u0442\u044b\u0435 \u0432\u043c\u0435\u0441\u0442\u0435 \u0438 \u043f\u043e \u043e\u0442\u0434\u0435\u043b\u044c\u043d\u043e\u0441\u0442\u0438, \u044d\u043c\u043e\u0446\u0438\u043e\u043d\u0430\u043b\u044c\u043d\u044b\u0439 \u0438\u043d\u0432\u0435\u0441\u0442\u043e\u0440 \u0438 \u0438\u0440\u0440\u0430\u0446\u0438\u043e\u043d\u0430\u043b\u044c\u043d\u0430\u044f \u0442\u043e\u043b\u043f\u0430. \u042d\u0442\u0430 \u043a\u043d\u0438\u0433\u0430 \u043e \u0442\u043e\u043c, \u043a\u0430\u043a \u0432\u0435\u0434\u0435\u0442\u0441\u044f \u0438\u0433\u0440\u0430, \u0438 \u043a\u0430\u043a \u0434\u0435\u0439\u0441\u0442\u0432\u0443\u044e\u0442 \u0438\u0433\u0440\u043e\u043a\u0438. \u0414\u0435\u043d\u044c\u0433\u0438 \u043d\u0430\u0441\u0442\u043e\u043b\u044c\u043a\u043e \u0441\u0435\u0440\u044c\u0435\u0437\u043d\u044b\u0439 \u043f\u0440\u0435\u0434\u043c\u0435\u0442, \u0447\u0442\u043e, \u043a\u0430\u0436\u0435\u0442\u0441\u044f, \u043d\u0435\u0432\u043e\u0437\u043c\u043e\u0436\u043d\u043e \u0441\u0435\u0431\u0435 \u043f\u0440\u0435\u0434\u0441\u0442\u0430\u0432\u0438\u0442\u044c \u043d\u0435\u043f\u0440\u0438\u043d\u0443\u0436\u0434\u0435\u043d\u043d\u044b\u0439 \u0438 \u0432\u0435\u0441\u0435\u043b\u044b\u0439 \u0440\u0430\u0437\u0433\u043e\u0432\u043e\u0440 \u043e \u043d\u0438\u0445. \u0414\u0430\u043d\u043d\u0430\u044f \u043a\u043d\u0438\u0433\u0430 \u043d\u0435 \u043f\u0440\u043e\u0441\u0442\u043e \u0437\u043d\u0430\u043a\u043e\u043c\u0438\u0442 \u0447\u0438\u0442\u0430\u0442\u0435\u043b\u044f \u0441 \u043d\u0435\u043a\u043e\u0442\u043e\u0440\u044b\u043c\u0438 \"\u043d\u0435\u043f\u0440\u0430\u0432\u0438\u043b\u044c\u043d\u044b\u043c\u0438 \u043f\u0440\u0430\u0432\u0438\u043b\u0430\u043c\u0438\", \u043e\u043d\u0430 \u043f\u0440\u0435\u0434\u0441\u0442\u0430\u0432\u043b\u044f\u0435\u0442 \u0441\u043e\u0431\u043e\u0439 \u0443\u043d\u0438\u043a\u0430\u043b\u044c\u043d\u044b\u0439 \u0432\u0437\u0433\u043b\u044f\u0434 \u043d\u0430 \u0423\u043e\u043b\u043b-\u0441\u0442\u0440\u0438\u0442, \u043d\u0430 \u0438\u0433\u0440\u0443 \u043d\u0430 \u0434\u0435\u043d\u044c\u0433\u0438 \u0438 \u0435\u0435 \u0443\u0447\u0430\u0441\u0442\u043d\u0438\u043a\u043e\u0432.",
    "isbn": "9785961415957",
    "language": 1,
    "genre": [
      2,
      4,
      10
    ]
  }
},
{
  "model": "catalog.book",
  "pk": 16,
  "fields": {
    "title": "\u0412\u0435\u0431-\u0434\u0438\u0437\u0430\u0439\u043d",
    "author": 12,
    "summary": "\u041a\u043d\u0438\u0433\u0430 \u0430\u0432\u0442\u043e\u0440\u0430 \u0431\u0435\u0441\u0442\u0441\u0435\u043b\u043b\u0435\u0440\u0430 `\u0424\u0430\u043a\u0441-\u043c\u043e\u0434\u0435\u043c: \u043e\u0442 \u043f\u043e\u043a\u0443\u043f\u043a\u0438 \u0438 \u043f\u043e\u0434\u043a\u043b\u044e\u0447\u0435\u043d\u0438\u044f \u0434\u043e \u0432\u044b\u0445\u043e\u0434\u0430 \u0432 \u0418\u043d\u0442\u0435\u0440\u043d\u0435\u0442` - \u0414\u043c\u0438\u0442\u0440\u0438\u044f \u041a\u0438\u0440\u0441\u0430\u043d\u043e\u0432\u0430 - \u043f\u0435\u0440\u0432\u044b\u0439 \u043f\u043e\u043b\u043d\u044b\u0439 \u043a\u0443\u0440\u0441 \u0432\u0435\u0431-\u0434\u0438\u0437\u0430\u0439\u043d\u0430 \u043d\u0430 \u0440\u0443\u0441\u0441\u043a\u043e\u043c \u044f\u0437\u044b\u043a\u0435, \u043d\u0430\u043f\u0438\u0441\u0430\u043d\u043d\u044b\u0439 \u043f\u0440\u043e\u0444\u0435\u0441\u0441\u0438\u043e\u043d\u0430\u043b\u044c\u043d\u044b\u043c \u0434\u0438\u0437\u0430\u0439\u043d\u0435\u0440\u043e\u043c. \u041e\u0442 \u0442\u0435\u043e\u0440\u0435\u0442\u0438\u0447\u0435\u0441\u043a\u0438\u0445 \u043e\u0441\u043d\u043e\u0432 \u0432\u0438\u0437\u0443\u0430\u043b\u044c\u043d\u043e\u0433\u043e \u0434\u0438\u0437\u0430\u0439\u043d\u0430 \u0434\u043e \u0438\u043d\u0442\u0435\u0440\u043d\u0435\u0442\u043e\u0432\u0441\u043a\u0438\u0445 \u0442\u0435\u0445\u043d\u043e\u043b\u043e\u0433\u0438\u0439 \u0438 \u043f\u0440\u0438\u0435\u043c\u043e\u0432 \u043f\u0440\u0430\u043a\u0442\u0438\u0447\u0435\u0441\u043a\u043e\u0439 \u0440\u0430\u0431\u043e\u0442\u044b \u043d\u0430\u0434 \u0441\u0430\u0439\u0442\u043e\u043c - \u0432\u0441\u0435 \u044d\u0442\u043e \u0435\u0441\u0442\u044c \u0432 \u043a\u043d\u0438\u0433\u0435, \u043d\u0430\u043f\u0438\u0441\u0430\u043d\u043d\u043e\u0439 \u043f\u043e\u043d\u044f\u0442\u043d\u043e, \u043f\u043e\u0434\u0440\u043e\u0431\u043d\u043e \u0438 \u0443\u0432\u043b\u0435\u043a\u0430\u0442\u0435\u043b\u044c\u043d\u043e. \u0418\u0437\u0434\u0430\u043d\u0438\u0435 \u0431\u0443\u0434\u0435\u0442 \u043f\u043e\u043b\u0435\u0437\u043d\u043e \u043d\u0435 \u0442\u043e\u043b\u044c\u043a\u043e \u043d\u0430\u0447\u0438\u043d\u0430\u044e\u0449\u0438\u043c \u0441\u043e\u0437\u0434\u0430\u0442\u0435\u043b\u044f\u043c \u0441\u0430\u0439\u0442\u043e\u0432, \u043d\u043e \u0438 \u0434\u0438\u0437\u0430\u0439\u043d\u0435\u0440\u0430\u043c, \u0440\u0430\u0431\u043e\u0442\u0430\u044e\u0449\u0438\u043c \u0432 \u0431\u043e\u043b\u0435\u0435 \u0442\u0440\u0430\u0434\u0438\u0446\u0438\u043e\u043d\u043d\u044b\u0445 \u043e\u0431\u043b\u0430\u0441\u0442\u044f\u0445, \u0441\u043f\u0435\u0446\u0438\u0430\u043b\u0438\u0441\u0442\u0430\u043c \u043f\u043e \u0440\u0435\u043a\u043b\u0430\u043c\u0435 \u0438 \u043c\u0430\u0440\u043a\u0435\u0442\u0438\u043d\u0433\u0443, \u0445\u0443\u0434\u043e\u0436\u043d\u0438\u043a\u0430\u043c, \u043f\u0440\u043e\u0433\u0440\u0430\u043c\u043c\u0438\u0441\u0442\u0430\u043c, - \u0438, \u043a\u043e\u043d\u0435\u0447\u043d\u043e \u0436\u0435, \u0432\u0441\u0435\u043c \u0442\u0432\u043e\u0440\u0447\u0435\u0441\u043a\u0438\u043c \u0438 \u043b\u044e\u0431\u043e\u0437\u043d\u0430\u0442\u0435\u043b\u044c\u043d\u044b\u043c \u043b\u044e\u0434\u044f\u043c.",
    "isbn": "5-93286-003-0",
    "language": 1,
    "genre": [
      1,
      8
    ]
  }
},
{
  "model": "catalog.bookinstance",
  "pk": "005a5f2c-fdf3-4a4e-a2f1-3260a39679f3",
  "fields": {
    "book": 15,
    "imprint": "\u0418\u0437\u0434\u0430\u0442\u0435\u043b\u044c\u0441\u0442\u0432\u043e \u041e\u041e\u041e \u0410\u043b\u044c\u043f\u0438\u043d\u0430 \u0411\u0443\u043a\u0441, 2006, \u21162",
    "due_back": null,
    "borrower": null,
    "status": "a"
  }
},
{
  "model": "catalog.bookinstance",
  "pk": "10682d75-afd6-4a12-99a0-f990c5a0e0ea",
  "fields": {
    "book": 8,
    "imprint": "Wiley, 2010, \u21162",
    "due_back": "2019-05-24",
    "borrower": 2,
    "status": "o"
  }
},
{
  "model": "catalog.bookinstance",
  "pk": "13f1a9f1-0f36-4fa6-9cab-44b44958fd08",
  "fields": {
    "book": 7,
    "imprint": "\u041e\u041e\u041e \"\u0412\u0435\u0440\u0448\u0438\u043d\u0430\", 2006, \u21162",
    "due_back": null,
    "borrower": null,
    "status": "a"
  }
},
{
  "model": "catalog.bookinstance",
  "pk": "165542be-6460-4514-8d94-e4bcd65f9da0",
  "fields": {
    "book": 13,
    "imprint": "\u0418\u0437\u0434\u0430\u0442\u0435\u043b\u044c\u0441\u0442\u0432\u043e \u0414\u041c\u041a \u041f\u0440\u0435\u0441\u0441, 2001, \u21162",
    "due_back": null,
    "borrower": null,
    "status": "a"
  }
},
{
  "model": "catalog.bookinstance",
  "pk": "17c401f9-8d33-4863-b57e-51c43b55b8ec",
  "fields": {
    "book": 6,
    "imprint": "\u0410\u043b\u044c\u0444\u0430-\u043a\u043d\u0438\u0433\u0430, 2016, \u21162",
    "due_back": null,
    "borrower": null,
    "status": "a"
  }
},
{
  "model": "catalog.bookinstance",
  "pk": "2593d74d-82bd-450f-89c3-9249d436fb07",
  "fields": {
    "book": 6,
    "imprint": "\u0410\u043b\u044c\u0444\u0430-\u043a\u043d\u0438\u0433\u0430, 2016, \u21161",
    "due_back": null,
    "borrower": null,
    "status": "r"
  }
},
{
  "model": "catalog.bookinstance",
  "pk": "5b12f5b0-0cbd-48f9-a880-6fe5a2c37fce",
  "fields": {
    "book": 7,
    "imprint": "\u041e\u041e\u041e \"\u0412\u0435\u0440\u0448\u0438\u043d\u0430\", 2006, \u21161",
    "due_back": "2019-05-20",
    "borrower": 4,
    "status": "o"
  }
},
{
  "model": "catalog.bookinstance",
  "pk": "5d23c346-49f7-4bfb-a784-1e96c9b5629c",
  "fields": {
    "book": 4,
    "imprint": "\u0420\u043e\u0441\u043c\u044d\u043d-\u041f\u0440\u0435\u0441\u0441, 2005, \u21161",
    "due_back": null,
    "borrower": null,
    "status": "a"
  }
},
{
  "model": "catalog.bookinstance",
  "pk": "5f415e87-8924-4741-9601-401afc974673",
  "fields": {
    "book": 11,
    "imprint": "\u0418\u0437\u0434\u0430\u0442\u0435\u043b\u044c\u0441\u0442\u0432\u043e \u041e\u041e\u041e \u0410\u043b\u044c\u043f\u0438\u043d\u0430 \u0411\u0443\u043a\u0441, 2006, \u21162",
    "due_back": null,
    "borrower": null,
    "status": "a"
  }
},
{
  "model": "catalog.bookinstance",
  "pk": "6165c61c-8c40-437c-aa9d-3bc0c4ee386c",
  "fields": {
    "book": 1,
    "imprint": "\u0418\u0437\u0434\u0430\u0442\u0435\u043b\u044c\u0441\u043a\u0438\u0439 \u0434\u043e\u043c \"\u0412\u0438\u043b\u044c\u044f\u043c\u0441\", 2004, \u21161",
    "due_back": "2019-05-20",
    "borrower": 4,
    "status": "o"
  }
},
{
  "model": "catalog.bookinstance",
  "pk": "701e1c90-2a15-4b44-8ffb-c9b797e76551",
  "fields": {
    "book": 2,
    "imprint": "Sams; Subsequent edition (August 1, 1994), \u21162",
    "due_back": null,
    "borrower": null,
    "status": "m"
  }
},
{
  "model": "catalog.bookinstance",
  "pk": "73025c11-9a15-4abe-985d-4f2e9faeac44",
  "fields": {
    "book": 16,
    "imprint": "\u0418\u0437\u0434\u0430\u0442\u0435\u043b\u044c\u0441\u0442\u0432\u043e \u0421\u0438\u043c\u0432\u043e\u043b-\u041f\u043b\u044e\u0441, 1999, \u21162",
    "due_back": null,
    "borrower": null,
    "status": "a"
  }
},
{
  "model": "catalog.bookinstance",
  "pk": "7a2dd23c-9d83-4479-b6c6-29eeb50a38b5",
  "fields": {
    "book": 2,
    "imprint": "Sams; Subsequent edition (August 1, 1994), \u21161",
    "due_back": "2019-05-14",
    "borrower": 2,
    "status": "o"
  }
},
{
  "model": "catalog.bookinstance",
  "pk": "7a8a22ce-c299-4712-9860-daa496a50f61",
  "fields": {
    "book": 1,
    "imprint": "\u0418\u0437\u0434\u0430\u0442\u0435\u043b\u044c\u0441\u043a\u0438\u0439 \u0434\u043e\u043c \"\u0412\u0438\u043b\u044c\u044f\u043c\u0441\", 2004, \u21162",
    "due_back": null,
    "borrower": null,
    "status": "a"
  }
},
{
  "model": "catalog.bookinstance",
  "pk": "80e032fc-4085-45bf-acde-84f25bc88f45",
  "fields": {
    "book": 13,
    "imprint": "\u0418\u0437\u0434\u0430\u0442\u0435\u043b\u044c\u0441\u0442\u0432\u043e \u0414\u041c\u041a \u041f\u0440\u0435\u0441\u0441, 2001, \u21161",
    "due_back": null,
    "borrower": null,
    "status": "a"
  }
},
{
  "model": "catalog.bookinstance",
  "pk": "8699c441-4e84-4e6d-8da0-ed76373ea3a6",
  "fields": {
    "book": 10,
    "imprint": "\u042d\u043a\u0441\u043c\u043e, 2001, \u21162",
    "due_back": null,
    "borrower": null,
    "status": "a"
  }
},
{
  "model": "catalog.bookinstance",
  "pk": "91aaa8bb-3598-4c7b-a282-79f79ad042fb",
  "fields": {
    "book": 3,
    "imprint": "\u0411\u0430\u043b\u0430\u043d\u0441 \u0411\u0438\u0437\u043d\u0435\u0441 \u0411\u0443\u043a\u0441, 2006, \u21162",
    "due_back": null,
    "borrower": null,
    "status": "r"
  }
},
{
  "model": "catalog.bookinstance",
  "pk": "9d845bf9-fbe9-413c-bee5-19c6db7c160e",
  "fields": {
    "book": 14,
    "imprint": "\u0418\u0437\u0434\u0430\u0442\u0435\u043b\u044c\u0441\u0442\u0432\u043e \u041b\u043e\u0440\u0438, 2004, \u21162",
    "due_back": null,
    "borrower": null,
    "status": "a"
  }
},
{
  "model": "catalog.bookinstance",
  "pk": "a65c66a9-0394-4dac-8cba-f9cc0076e7cf",
  "fields": {
    "book": 16,
    "imprint": "\u0418\u0437\u0434\u0430\u0442\u0435\u043b\u044c\u0441\u0442\u0432\u043e \u0421\u0438\u043c\u0432\u043e\u043b-\u041f\u043b\u044e\u0441, 1999, \u21161",
    "due_back": null,
    "borrower": null,
    "status": "a"
  }
},
{
  "model": "catalog.bookinstance",
  "pk": "a92ab03b-3df5-4030-be07-c5ca6142af01",
  "fields": {
    "book": 11,
    "imprint": "\u0418\u0437\u0434\u0430\u0442\u0435\u043b\u044c\u0441\u0442\u0432\u043e \u041e\u041e\u041e \u0410\u043b\u044c\u043f\u0438\u043d\u0430 \u0411\u0443\u043a\u0441, 2006, \u21161",
    "due_back": null,
    "borrower": null,
    "status": "a"
  }
},
{
  "model": "catalog.bookinstance",
  "pk": "a92e528f-8099-41bf-8454-917dda58ba46",
  "fields": {
    "book": 8,
    "imprint": "Wiley, 2010, \u21161",
    "due_back": null,
    "borrower": null,
    "status": "a"
  }
},
{
  "model": "catalog.bookinstance",
  "pk": "ac322e6b-bfcd-43cd-a204-439d6de37c71",
  "fields": {
    "book": 12,
    "imprint": "\u0417\u0410\u041e \u0418\u0437\u0434\u0430\u0442\u0435\u043b\u044c\u0441\u043a\u0438\u0439 \u0434\u043e\u043c \u041f\u0438\u0442\u0435\u0440, 2003, \u21161",
    "due_back": null,
    "borrower": null,
    "status": "a"
  }
},
{
  "model": "catalog.bookinstance",
  "pk": "b201e670-ceca-48c9-8c29-836d7b01534f",
  "fields": {
    "book": 5,
    "imprint": "\u042d\u043a\u0441\u043c\u043e, Freedom, 2019, \u21162",
    "due_back": null,
    "borrower": null,
    "status": "a"
  }
},
{
  "model": "catalog.bookinstance",
  "pk": "ba36f28d-4361-4e6f-a5b9-6b5b8ea86794",
  "fields": {
    "book": 12,
    "imprint": "\u0417\u0410\u041e \u0418\u0437\u0434\u0430\u0442\u0435\u043b\u044c\u0441\u043a\u0438\u0439 \u0434\u043e\u043c \u041f\u0438\u0442\u0435\u0440, 2003, \u21162",
    "due_back": null,
    "borrower": null,
    "status": "a"
  }
},
{
  "model": "catalog.bookinstance",
  "pk": "c567afeb-b082-48e3-bc86-e663da986b4b",
  "fields": {
    "book": 10,
    "imprint": "\u042d\u043a\u0441\u043c\u043e, 2001, \u21161",
    "due_back": null,
    "borrower": null,
    "status": "a"
  }
},
{
  "model": "catalog.bookinstance",
  "pk": "cf051b0f-2703-4ae9-ad74-e82d2d936ff2",
  "fields": {
    "book": 4,
    "imprint": "\u0420\u043e\u0441\u043c\u044d\u043d-\u041f\u0440\u0435\u0441\u0441, 2005, \u21162",
    "due_back": "2019-05-20",
    "borrower": 4,
    "status": "o"
  }
},
{
  "model": "catalog.bookinstance",
  "pk": "d58bff20-edc4-49d6-ae5b-37fb7643132c",
  "fields": {
    "book": 9,
    "imprint": "\u041f\u0435\u0440\u0435\u0432\u043e\u0434 \u0412. \u0411\u0430\u0431\u0435\u043d\u043a\u043e, 1976, \u21162",
    "due_back": null,
    "borrower": null,
    "status": "a"
  }
},
{
  "model": "catalog.bookinstance",
  "pk": "da8b8fac-8fad-469a-94e1-46620058020a",
  "fields": {
    "book": 15,
    "imprint": "\u0418\u0437\u0434\u0430\u0442\u0435\u043b\u044c\u0441\u0442\u0432\u043e \u041e\u041e\u041e \u0410\u043b\u044c\u043f\u0438\u043d\u0430 \u0411\u0443\u043a\u0441, 2006, \u21161",
    "due_back": null,
    "borrower": null,
    "status": "a"
  }
},
{
  "model": "catalog.bookinstance",
  "pk": "e8706417-1c18-4b21-8eb0-cd28eddda8a2",
  "fields": {
    "book": 9,
    "imprint": "\u041f\u0435\u0440\u0435\u0432\u043e\u0434 \u0412. \u0411\u0430\u0431\u0435\u043d\u043a\u043e, 1976, \u21161",
    "due_back": "2019-05-23",
    "borrower": 2,
    "status": "o"
  }
},
{
  "model": "catalog.bookinstance",
  "pk": "eb199d08-203f-4e95-a946-b59ccfba12d9",
  "fields": {
    "book": 5,
    "imprint": "\u042d\u043a\u0441\u043c\u043e, Freedom, 2019, \u21161",
    "due_back": null,
    "borrower": null,
    "status": "m"
  }
},
{
  "model": "catalog.bookinstance",
  "pk": "ef8a1cfb-1b4b-4f29-aff0-98e822aba531",
  "fields": {
    "book": 14,
    "imprint": "\u0418\u0437\u0434\u0430\u0442\u0435\u043b\u044c\u0441\u0442\u0432\u043e \u041b\u043e\u0440\u0438, 2004, \u21161",
    "due_back": "2019-05-09",
    "borrower": 2,
    "status": "o"
  }
},
{
  "model": "catalog.bookinstance",
  "pk": "f9c450c2-3a8a-4ed8-8140-b5f344adce0e",
  "fields": {
    "book": 3,
    "imprint": "\u0411\u0430\u043b\u0430\u043d\u0441 \u0411\u0438\u0437\u043d\u0435\u0441 \u0411\u0443\u043a\u0441, 2006, \u21161",
    "due_back": null,
    "borrower": null,
    "status": "a"
  }
},
{
  "model": "catalog.bookinstance",
  "pk": "fbc93cd1-e83e-4787-8f00-8b933d9e16be",
  "fields": {
    "book": 10,
    "imprint": "\u042d\u043a\u0441\u043c\u043e, 2001, \u21163",
    "due_back": "2019-05-27",
    "borrower": 4,
    "status": "o"
  }
},
{
  "model": "catalog.author",
  "pk": 1,
  "fields": {
    "first_name": "\u041d\u0430\u0431\u0430",
    "last_name": "\u0411\u0430\u0440\u043a\u0430\u043a\u0430\u0442\u0438",
    "first_name_ml": "Nabajyoti",
    "last_name_ml": "Barkakati",
    "date_of_birth": "1956-04-22",
    "date_of_death": null
  }
},
{
  "model": "catalog.author",
  "pk": 2,
  "fields": {
    "first_name": "\u0414\u0436\u0443\u0434\u0438",
    "last_name": "\u0410\u043b\u043b\u0435\u043d",
    "first_name_ml": "Judy",
    "last_name_ml": "Allen",
    "date_of_birth": "1963-02-27",
    "date_of_death": null
  }
},
{
  "model": "catalog.author",
  "pk": 3,
  "fields": {
    "first_name": "\u0425\u043e\u043b\u043b\u0438",
    "last_name": "\u0411\u043b\u044d\u043a",
    "first_name_ml": "Holly",
    "last_name_ml": "Black",
    "date_of_birth": "1971-11-10",
    "date_of_death": null
  }
},
{
  "model": "catalog.author",
  "pk": 4,
  "fields": {
    "first_name": "\u041e\u043b\u044c\u0433\u0430",
    "last_name": "\u0413\u0440\u043e\u043c\u044b\u043a\u043e",
    "first_name_ml": null,
    "last_name_ml": null,
    "date_of_birth": "1978-09-13",
    "date_of_death": null
  }
},
{
  "model": "catalog.author",
  "pk": 5,
  "fields": {
    "first_name": "\u0411\u0430\u0440\u0442\u043e\u043d",
    "last_name": "\u0411\u0438\u0433\u0433\u0441",
    "first_name_ml": "Barton",
    "last_name_ml": "Biggs",
    "date_of_birth": "1932-11-26",
    "date_of_death": "2012-07-14"
  }
},
{
  "model": "catalog.author",
  "pk": 6,
  "fields": {
    "first_name": "\u0420\u043e\u0431\u0435\u0440\u0442",
    "last_name": "\u0428\u0435\u043a\u043b\u0438",
    "first_name_ml": "Robert",
    "last_name_ml": "Sheckley",
    "date_of_birth": "1928-07-16",
    "date_of_death": "2005-12-09"
  }
},
{
  "model": "catalog.author",
  "pk": 7,
  "fields": {
    "first_name": "\u0421\u0430\u0439\u043c\u043e\u043d",
    "last_name": "\u0412\u0430\u0439\u043d",
    "first_name_ml": "Simon",
    "last_name_ml": "Vayn",
    "date_of_birth": "1962-09-16",
    "date_of_death": null
  }
},
{
  "model": "catalog.author",
  "pk": 8,
  "fields": {
    "first_name": "\u0414\u0436\u0435\u0444\u0444\u0440\u0438",
    "last_name": "\u0424\u0440\u0438\u0434\u043b",
    "first_name_ml": "Jeffrey",
    "last_name_ml": "Friedl",
    "date_of_birth": "1959-06-22",
    "date_of_death": null
  }
},
{
  "model": "catalog.author",
  "pk": 9,
  "fields": {
    "first_name": "\u0414\u0436\u043e",
    "last_name": "\u0425\u0430\u0431\u0440\u0430\u043a\u0435\u043d",
    "first_name_ml": "Joe",
    "last_name_ml": "Habraken",
    "date_of_birth": "1964-01-24",
    "date_of_death": null
  }
},
{
  "model": "catalog.author",
  "pk": 10,
  "fields": {
    "first_name": "\u0422\u0440\u044d\u0432\u0438\u0441",
    "last_name": "\u0414\u0436\u043e\u043d\u0441",
    "first_name_ml": null,
    "last_name_ml": null,
    "date_of_birth": "1972-02-14",
    "date_of_death": null
  }
},
{
  "model": "catalog.author",
  "pk": 11,
  "fields": {
    "first_name": "\u0410\u0434\u0430\u043c",
    "last_name": "\u0421\u043c\u0438\u0442",
    "first_name_ml": "Adam",
    "last_name_ml": "Smith",
    "date_of_birth": "1723-06-05",
    "date_of_death": "1790-07-17"
  }
},
{
  "model": "catalog.author",
  "pk": 12,
  "fields": {
    "first_name": "\u0414\u043c\u0438\u0442\u0440\u0438\u0439",
    "last_name": "\u041a\u0438\u0440\u0441\u0430\u043d\u043e\u0432",
    "first_name_ml": null,
    "last_name_ml": null,
    "date_of_birth": "1965-01-01",
    "date_of_death": null
  }
},
{
  "model": "admin.logentry",
  "pk": 1,
  "fields": {
    "action_time": "2019-05-17T13:44:27.028Z",
    "user": 4,
    "content_type": 4,
    "object_id": "2",
    "object_repr": "albertu",
    "action_flag": 2,
    "change_message": "[{\"changed\": {\"fields\": [\"email\"]}}]"
  }
},
{
  "model": "admin.logentry",
  "pk": 2,
  "fields": {
    "action_time": "2019-05-17T13:46:06.386Z",
    "user": 4,
    "content_type": 4,
    "object_id": "3",
    "object_repr": "efrems",
    "action_flag": 2,
    "change_message": "[{\"changed\": {\"fields\": [\"email\", \"is_staff\", \"user_permissions\"]}}]"
  }
},
{
  "model": "admin.logentry",
  "pk": 3,
  "fields": {
    "action_time": "2019-05-17T13:47:23.945Z",
    "user": 4,
    "content_type": 4,
    "object_id": "4",
    "object_repr": "siteadmin",
    "action_flag": 2,
    "change_message": "[{\"changed\": {\"fields\": [\"first_name\", \"last_name\", \"email\"]}}]"
  }
},
{
  "model": "admin.logentry",
  "pk": 4,
  "fields": {
    "action_time": "2019-05-17T13:47:42.210Z",
    "user": 4,
    "content_type": 3,
    "object_id": "2",
    "object_repr": "Librarians",
    "action_flag": 2,
    "change_message": "[{\"changed\": {\"fields\": [\"name\"]}}]"
  }
},
{
  "model": "admin.logentry",
  "pk": 5,
  "fields": {
    "action_time": "2019-05-17T13:47:52.010Z",
    "user": 4,
    "content_type": 3,
    "object_id": "1",
    "object_repr": "Readers",
    "action_flag": 2,
    "change_message": "[{\"changed\": {\"fields\": [\"name\"]}}]"
  }
},
{
  "model": "admin.logentry",
  "pk": 6,
  "fields": {
    "action_time": "2019-05-17T16:55:10.701Z",
    "user": 4,
    "content_type": 4,
    "object_id": "3",
    "object_repr": "efrems",
    "action_flag": 2,
    "change_message": "[{\"changed\": {\"fields\": [\"user_permissions\"]}}]"
  }
}
]
